Omega_over_gamma,Delta_star_over_gamma,g_at_star,gap1_star,gap2_star,Delta_k1_side,gap1_k1_side,gap2_k1_side,winner_k1_side,Delta_k2_side,gap1_k2_side,gap2_k2_side,winner_k2_side,eta
0.2648,0.08178997137174011,-8.554268404736831e-14,0.280574290956614,0.28057429095652847,0.08181997137174012,0.2798656744442948,0.28058032751340073,1,0.08175997137174011,0.28138747264973946,0.280568256701063,2,3e-05
0.26480499999999996,0.08180250990036875,-6.611766689701426e-12,0.28057731173117906,0.2805773117245673,0.08183250990036875,0.27986987108809325,0.2805833490010765,1,0.08177250990036875,0.2813886946746851,0.2805712767493894,2,3e-05
0.26481,0.08181504619996995,-2.378874874864323e-12,0.2805803322787238,0.28058033227634493,0.08184504619996995,0.27987406352717265,0.28058637027226285,1,0.08178504619996994,0.28138992561284965,0.28057429658168553,2,3e-05
0.26481499999999997,0.0818275802711025,-3.8452574457892297e-13,0.28058335261216805,0.2805833526117835,0.0818575802711025,0.2798782517921185,0.28058939132688,1,0.0817975802711025,0.28139116540470094,0.2805773161978713,2,3e-05
0.26482,0.08184011211488396,5.06816810741384e-13,0.28058637273040926,0.2805863727309161,0.08187011211488396,0.27988243590094297,0.28059241216496306,1,0.08181011211488395,0.28139241397519005,0.28058033559798023,2,3e-05
0.264825,0.08185264173243195,1.458666520903762e-12,0.2805893926323188,0.28058939263377747,0.08188264173243195,0.2798866158715256,0.280595432786545,1,0.08182264173243195,0.28139367125002557,0.280583354782048,2,3e-05
0.26482999999999995,0.08186516912486405,3.665179271195029e-12,0.2805924123167369,0.2805924123204021,0.08189516912486405,0.27989079172164444,0.2805984531916609,1,0.08183516912486405,0.2813949371558181,0.2805863737501066,2,3e-05
0.264835,0.08187769429329783,8.305078846859715e-12,0.28059543178251867,0.28059543179082375,0.08190769429329783,0.2798949634689281,0.2806014733803455,1,0.08184769429329783,0.2813962116199379,0.2805893925021922,2,3e-05
0.26483999999999996,0.08189021723773329,-1.1310397063368782e-11,0.2805984510561621,0.2805984510448517,0.0819202172377333,0.2798991311554786,0.2806044933524072,1,0.08186021723773329,0.28139749460274593,0.2805924110381133,2,3e-05
0.264845,0.08190273796152325,1.8752221997431207e-12,0.2806014700810959,0.28060147008297115,0.08193273796152326,0.27990329474945996,0.2806075131083313,1,0.08187273796152325,0.2813987859687789,0.2805954293583545,2,3e-05
0.26485,0.08191525646355002,-6.649403250236219e-12,0.28060448891141754,0.28060448890476813,0.08194525646355003,0.27990745431729835,0.2806105326477039,1,0.08188525646355002,0.2814000857120615,0.28059844746250107,2,3e-05
0.264855,0.08192777274604884,-7.752132269445156e-12,0.2806075075182524,0.2806075075105003,0.08195777274604885,0.27991160985154695,0.2806135519707834,1,0.08189777274604884,0.28140139373092393,0.28060146535081143,2,3e-05
0.26486,0.08194028681013732,-1.811328864675943e-13,0.28061052590038565,0.2806105259002045,0.08197028681013732,0.2799157613692149,0.28061657107760674,1,0.08191028681013732,0.28140270995661765,0.2806044830233224,2,3e-05
0.26486499999999996,0.08195279865581542,-1.030675544910764e-11,0.2806135440839969,0.28061354407369016,0.08198279865581543,0.2799199089116496,0.2806195899679829,1,0.08192279865581542,0.2814040343529405,0.2806075004798449,2,3e-05
0.26487,0.08196530828531834,-9.138356737992126e-12,0.28061656204035684,0.2806165620312185,0.08199530828531834,0.2799240524711357,0.2806226086421741,1,0.08193530828531834,0.2814053668206829,0.28061051772063716,2,3e-05
0.26487499999999997,0.08197781569976359,4.62996307959429e-12,0.2806195797681952,0.28061957977282515,0.08200781569976359,0.2799281920643387,0.28062562710021455,1,0.08194781569976359,0.28140670729330935,0.2806135347457364,2,3e-05
0.26488,0.08199032089915127,4.798939023942239e-12,0.28062259729352285,0.2806225972983218,0.08202032089915127,0.27993232773213883,0.2806286453419163,1,0.08196032089915127,0.2814080557365216,0.2806165515549523,2,3e-05
0.264885,0.08200282388459891,-7.186917727608488e-12,0.280625614614929,0.2806256146077421,0.08203282388459891,0.27993645949085,0.28063166336731576,1,0.08197282388459891,0.28140941208497433,0.2806195681483218,2,3e-05
0.26488999999999996,0.08201532465834172,-2.4448221225270572e-12,0.2806286317037947,0.2806286317013499,0.08204532465834172,0.2799405873324559,0.2806346811766732,1,0.08198532465834171,0.28141077624256494,0.280622584526105,2,3e-05
0.264895,0.08202782322037967,-7.0201067181585586e-12,0.28063164858597506,0.28063164857895495,0.08205782322037967,0.27994471129737686,0.2806376987697999,1,0.08199782322037967,0.2814121481768665,0.28062560068811404,2,3e-05
0.26489999999999997,0.08204031957294794,7.893685705084863e-12,0.2806346652329258,0.2806346652408195,0.08207031957294794,0.2799488313774048,0.280640716146959,1,0.08201031957294794,0.28141352779331225,0.28062861663461014,2,3e-05
0.264905,0.08205281371492892,-1.0870027100651214e-11,0.28063768169739967,0.28063768168652964,0.08208281371492893,0.27995294763684264,0.2806437333077358,1,0.08202281371492892,0.28141491509179584,0.28063163236517935,2,3e-05
0.26491,0.08206530564967544,-7.248590616626416e-12,0.2806406979238218,0.2806406979165732,0.08209530564967545,0.2799570600430901,0.2806467502526188,1,0.08203530564967544,0.28141630994790584,0.28063464788030923,2,3e-05
0.26491499999999996,0.08207779537718743,-7.023992498744747e-12,0.28064371393778487,0.2806437139307609,0.08210779537718743,0.2799611686360059,0.28064976698141875,1,0.08204779537718743,0.28141771233150625,0.2806376631798123,2,3e-05
0.26492,0.08209028289858251,-8.67866889464608e-12,0.2806467297378104,0.28064672972913174,0.08212028289858252,0.2799652734311261,0.28065278349417344,1,0.08206028289858251,0.28141912218188736,0.28064067826372335,2,3e-05
0.26492499999999997,0.08210276821497829,-1.066907673319406e-11,0.280649745322391,0.28064974531172193,0.0821327682149783,0.2799693744438857,0.28065579979092065,1,0.08207276821497829,0.2814205394389344,0.2806436931320824,2,3e-05
0.26493,0.08211525132749231,-1.1472212069207899e-11,0.28065276069004064,0.2806527606785684,0.08214525132749231,0.2799734716896116,0.28065881587169766,1,0.08208525132749231,0.2814219640431575,0.28064670778492534,2,3e-05
0.264935,0.08212773223724217,-9.513057008803116e-12,0.2806557758392232,0.28065577582971013,0.08215773223724217,0.2799775651835126,0.28066183173654297,1,0.08209773223724216,0.28142339593567595,0.28064972222228934,2,3e-05
0.26494,0.08214021094534546,-3.2533420402103275e-12,0.2806587907684377,0.28065879076518435,0.08217021094534546,0.27998165494071786,0.28066484738549263,1,0.08211021094534546,0.2814248350581977,0.28065273644421385,2,3e-05
0.264945,0.08215268745291977,8.901768211444505e-12,0.2806618054761277,0.28066180548502945,0.08218268745291978,0.2799857409762093,0.280667862818587,1,0.08212268745291977,0.2814262813530738,0.2806557504507353,2,3e-05
0.26494999999999996,0.08216516175996512,1.70174985214544e-12,0.2806648199873566,0.28066481998905835,0.08219516175996512,0.2799898233287381,0.2806708780356386,1,0.08213516175996512,0.2814277347936652,0.2806587642416676,2,3e-05
0.264955,0.08217763386871665,3.6274871995090052e-12,0.2806678342739067,0.28066783427753417,0.08220763386871666,0.279993901989204,0.2806738930369099,1,0.08214763386871665,0.28142919529282745,0.28066177781727336,2,3e-05
0.26496,0.0821901037791744,-1.0424050511659289e-11,0.2806708483606948,0.28067084835027073,0.08222010377917441,0.27999797699603796,0.2806769078222156,1,0.0821601037791744,0.28143066282493584,0.2806647911773656,2,3e-05
0.264965,0.08220257149357349,-1.2045808794880486e-11,0.2806738622195772,0.2806738622075314,0.08223257149357349,0.2800020483400199,0.2806799223918195,1,0.08217257149357349,0.28143213730410005,0.28066780432220984,2,3e-05
0.26497,0.08221503701303154,3.738120923912902e-13,0.280676875848982,0.2806768758493558,0.08224503701303154,0.2800061160356133,0.28068293674576034,1,0.08218503701303154,0.2814336186754707,0.28067081725184373,2,3e-05
0.26497499999999996,0.08222750033754855,1.877442645792371e-12,0.28067988927367915,0.2806798892755566,0.08225750033754856,0.280010180120884,0.28068595088385245,1,0.08219750033754855,0.28143510691489615,0.28067382996608026,2,3e-05
0.26498,0.08223996146824211,-5.78137537843304e-12,0.28068290249195615,0.2806829024861748,0.08226996146824211,0.2800142406100123,0.2806889648061342,1,0.08220996146824211,0.2814366019683991,0.28067684246495955,2,3e-05
0.26498499999999997,0.0822524204073474,5.675682146488725e-12,0.2806859154757977,0.28068591548147337,0.0822824204073474,0.2800182974934757,0.28069197851287087,1,0.0822224204073474,0.2814381037525353,0.28067985474874707,2,3e-05
0.26499,0.08226487715486439,1.1435241642487881e-11,0.28068892824983216,0.2806889282612674,0.08229487715486439,0.28002235080892934,0.28069499200387676,1,0.08223487715486438,0.2814396122445328,0.28068286681725396,2,3e-05
0.264995,0.0822773317113519,8.587575095475586e-14,0.2806919408253976,0.2806919408254835,0.0823073317113519,0.2800264005820253,0.28069800527907873,1,0.0822473317113519,0.2814411274069138,0.2806858786704097,2,3e-05
0.265,0.08228978407904505,-1.5376588891058418e-13,0.2806949531745407,0.2806949531743869,0.08231978407904506,0.28003044680300043,0.28070101833874284,1,0.08225978407904505,0.2814426491579142,0.28068889030847927,2,3e-05
0.265005,0.08230223425850273,-7.001066393286237e-13,0.28069796530860414,0.28069796530790403,0.08233223425850274,0.2800344894973228,0.2807040311827955,1,0.08227223425850273,0.2814441774610943,0.28069190173138825,2,3e-05
0.26500999999999997,0.08231468225084244,2.630118345336996e-13,0.2807009772258151,0.2807009772260781,0.08234468225084245,0.28003852867859386,0.2807070438112781,1,0.08228468225084244,0.28144571226557624,0.280694912939178,2,3e-05
0.265015,0.08232712805662303,-8.583911359494323e-12,0.2807039889374173,0.2807039889288334,0.08235712805662303,0.2800425643720066,0.2807100562241162,1,0.08229712805662302,0.2814472535357807,0.28069792393177523,2,3e-05
0.26502,0.08233957167807969,8.392730954653871e-13,0.2807070004155987,0.280707000416438,0.08236957167807969,0.2800465965675423,0.28071306842157906,1,0.08230957167807969,0.2814488011921281,0.2807009347094472,2,3e-05
0.265025,0.08235201311465354,-8.91520191004247e-12,0.2807100116975075,0.2807100116885923,0.08238201311465354,0.2800506253135723,0.280716080403367,1,0.08232201311465354,0.2814503552295091,0.2807039452718946,2,3e-05
0.26503,0.0823644523685798,-9.78372938220673e-12,0.2807130227553482,0.2807130227455645,0.0823944523685798,0.28005465059990964,0.2807190921697463,1,0.0823344523685798,0.28145191556937044,0.280706955619385,2,3e-05
0.26503499999999997,0.08237688944097607,8.182343691487404e-14,0.2807160335873135,0.28071603358739533,0.08240688944097607,0.28005867243967414,0.28072210372075956,1,0.08234688944097607,0.28145348216318866,0.2807099657519586,2,3e-05
0.26504,0.08238932433184236,-3.4927061243195112e-12,0.2807190442173919,0.2807190442138992,0.08241932433184236,0.28006269086914354,0.28072511505622194,1,0.08235932433184236,0.28145505499223505,0.28071297566943076,2,3e-05
0.265045,0.08240175704341385,7.459421969002733e-12,0.2807220546178857,0.2807220546253451,0.08243175704341385,0.28006670587792554,0.2807281261763988,1,0.08237175704341385,0.2814566339795106,0.28071598537206877,2,3e-05
0.26505,0.08241418757569048,8.85430617714178e-12,0.2807250648126923,0.28072506482154663,0.08244418757569048,0.2800707175020852,0.28073113708110825,1,0.08238418757569048,0.2814582191070338,0.28071899485968826,2,3e-05
0.265055,0.08242661592978984,2.7140512059986577e-12,0.2807280747998313,0.28072807480254536,0.08245661592978984,0.28007472575424647,0.28073414777039074,1,0.08239661592978983,0.2814598103279146,0.2807220041323307,2,3e-05
0.26505999999999996,0.08243904210682959,-8.970324483215109e-12,0.2807310845773554,0.2807310845683851,0.0824690421068296,0.28007873064698857,0.2807371582442893,1,0.08240904210682959,0.2814614075956927,0.2807250131900367,2,3e-05
0.265065,0.08245146610904487,1.5860091018282674e-12,0.2807340941177469,0.2807340941193329,0.08248146610904487,0.2800827321697301,0.28074016850307126,1,0.08242146610904487,0.2814630108354376,0.2807280220330766,2,3e-05
0.26507,0.08246388793643565,1.0526246541076034e-11,0.2807371034446786,0.28073710345520486,0.08249388793643565,0.280086730357987,0.2807431785465522,1,0.08243388793643565,0.28146462003061906,0.28073103066126465,2,3e-05
0.265075,0.08247630758900198,-5.82550674366189e-12,0.2807401125816422,0.2807401125758167,0.08250630758900199,0.28009072524711226,0.28074618837454934,1,0.08244630758900198,0.28146623516489633,0.2807340390744172,2,3e-05
0.26508,0.08248872507009657,5.9818816566803434e-12,0.280743121475682,0.28074312148166386,0.08251872507009657,0.28009471680322384,0.28074919798755804,1,0.08245872507009656,0.28146785613583314,0.280737047273029,2,3e-05
0.265085,0.08250114037860186,-3.3693603462836563e-12,0.2807461301757061,0.28074613017233674,0.08253114037860186,0.2800987050844883,0.2807522073851668,1,0.08247114037860186,0.28146948295665797,0.28074005525669055,2,3e-05
0.26509,0.08251355351675305,-6.1539107143460114e-12,0.2807491386542571,0.2807491386481032,0.08254355351675305,0.28010269007991784,0.2807552165676459,1,0.08248355351675304,0.2814711155546308,0.28074306302567004,2,3e-05
0.26509499999999997,0.08252596448566765,-3.393396674766791e-13,0.280752146909347,0.2807521469090077,0.08255596448566765,0.28010667180148346,0.28075822553503893,1,0.08249596448566765,0.2814727538862122,0.2807460705800118,2,3e-05
0.2651,0.08253837328534577,-9.370337838987552e-12,0.2807551549642365,0.28075515495486614,0.08256837328534578,0.2801106502839257,0.2807612342871624,1,0.08250837328534577,0.28147439793678586,0.28074907791953024,2,3e-05
0.265105,0.08255077991802248,-5.6294413575130875e-12,0.2807581627915784,0.28075816278594895,0.08258077991802248,0.2801146255161106,0.28076424282428486,1,0.08252077991802248,0.2814760476349736,0.2807520850444974,2,3e-05
0.26511,0.08256318438425662,2.2498669594028797e-13,0.2807611704019596,0.28076117040218457,0.08259318438425663,0.2801185975211456,0.28076725114633944,1,0.08253318438425662,0.28147770295260865,0.280755091954842,2,3e-05
0.265115,0.08257558668460697,-2.3727131370776533e-12,0.2807641778058776,0.2807641778035049,0.08260558668460698,0.28012256632201266,0.2807702592532538,1,0.08254558668460697,0.28147936386180444,0.2807580986504945,2,3e-05
0.26511999999999997,0.08258798682074994,1.4483969579259792e-12,0.28076718498861997,0.28076718499006836,0.08261798682074994,0.2801265319187743,0.2807732671451863,1,0.08255798682074994,0.2814810303066396,0.2807611051316119,2,3e-05
0.265125,0.08260038479324433,1.132705040873816e-12,0.28077019196067043,0.28077019196180314,0.08263038479324433,0.28013049433422194,0.2807762748220671,1,0.08257038479324433,0.28148270225990374,0.28076411139812546,2,3e-05
0.26513,0.08261278060320765,-1.106892355551281e-12,0.28077319871986045,0.28077319871875356,0.08264278060320765,0.28013445357963773,0.28077928228394217,1,0.08258278060320765,0.2814843796805688,0.2807671174500782,2,3e-05
0.265135,0.08262517425175757,-3.084199562408685e-12,0.280776205264049,0.2807762052609648,0.08265517425175757,0.28013840966624415,0.28078228953085405,1,0.08259517425175757,0.28148606252794994,0.28077012328751455,2,3e-05
0.26514,0.08263756574001167,-2.5924262736509718e-12,0.28077921159107455,0.2807792115884821,0.08266756574001168,0.28014236260514713,0.28078529656284823,1,0.08260756574001167,0.28148775076174337,0.2807731289104798,2,3e-05
0.26514499999999996,0.08264995506908746,2.559952250180686e-12,0.280782217698788,0.2807822177013479,0.08267995506908746,0.2801463124074307,0.2807883033799685,1,0.08261995506908745,0.2814894443419823,0.280776134319017,2,3e-05
0.26515,0.08266234223898501,-1.0499323632728874e-11,0.28078522360988156,0.28078522359938224,0.08269234223898501,0.2801502591066142,0.28079130998203367,1,0.08263234223898501,0.28149114325700897,0.280779139512945,2,3e-05
0.265155,0.08267472725305706,1.0631884261869118e-11,0.2807882292724498,0.28078822928308167,0.08270472725305707,0.28015420266843766,0.28079431636954166,1,0.08264472725305706,0.2814928474116314,0.2807821444927621,2,3e-05
0.26516,0.08268711010906848,-6.939726571175697e-12,0.28079123475875306,0.28079123475181333,0.08271711010906849,0.28015814317132604,0.2807973225418583,1,0.08265711010906848,0.28149455685053104,0.28078514925783304,2,3e-05
0.265165,0.08269949081037195,-1.0846212816773004e-11,0.2807942400169195,0.2807942400060733,0.08272949081037195,0.2801620805808853,0.2808003284994813,1,0.08266949081037195,0.28149627147929723,0.2807881538086555,2,3e-05
0.26517,0.08271186935808514,1.1196044091832391e-12,0.28079724504478865,0.28079724504590825,0.08274186935808514,0.28016601490778437,0.28080333424245835,1,0.08268186935808514,0.28149799125967767,0.2807911581452757,2,3e-05
0.265175,0.08272424575220796,6.3160587870925156e-12,0.280800249864822,0.28080024987113805,0.08275424575220797,0.2801699461850351,0.2808063397706048,1,0.08269424575220796,0.28149971618139946,0.2807941622675125,2,3e-05
0.26517999999999997,0.08273661999385806,7.0743411129114975e-12,0.28080325447473253,0.2808032544818069,0.08276661999385806,0.2801738744230578,0.28080934508397026,1,0.08270661999385806,0.2815014462067249,0.2807971661754111,2,3e-05
0.265185,0.08274899208415303,5.740852238034222e-12,0.28080625887222,0.28080625887796085,0.08277899208415303,0.2801777996322025,0.2808123501825974,1,0.08271899208415302,0.2815031812982015,0.28080016986901707,2,3e-05
0.26519,0.08276136202421043,4.6702641753881835e-12,0.2808092630549766,0.2808092630596469,0.08279136202421043,0.2801817218227338,0.28081535506653427,1,0.08273136202421043,0.2815049214187035,0.2808031733483768,2,3e-05
0.265195,0.08277372981514783,6.204481373117687e-12,0.2808122670207053,0.28081226702690976,0.08280372981514783,0.28018564100488064,0.2808183597358267,1,0.08274372981514783,0.2815066665314728,0.2808061766135358,2,3e-05
0.2652,0.08278609545752408,3.561595462997502e-13,0.28081527077932755,0.2808152707796837,0.08281609545752408,0.280189557199902,0.2808213641904074,1,0.08275609545752408,0.2815084166136952,0.2808091796644281,2,3e-05
0.26520499999999997,0.0827984589530155,1.871836019518014e-12,0.28081827431625517,0.280818274318127,0.08282845895301551,0.2801934704066783,0.2808243684304365,1,0.0827684589530155,0.28151017161544356,0.2808121825012119,2,3e-05
0.26521,0.08281082030218094,7.841505222927481e-13,0.2808212776413914,0.28082127764217557,0.08284082030218094,0.28019738064630895,0.2808273724558475,1,0.08278082030218094,0.28151193151449927,0.2808151851238219,2,3e-05
0.265215,0.08282317950613799,-4.590772206825022e-13,0.2808242807523329,0.2808242807518738,0.08285317950613799,0.28020128792867555,0.2808303762666879,1,0.08279317950613799,0.28151369627518963,0.28081818753230353,2,3e-05
0.26522,0.08283553656600418,5.259126467649367e-13,0.28082728364674336,0.2808272836472693,0.08286553656600418,0.2802051922635601,0.28083337986300405,1,0.08280553656600417,0.2815154658621873,0.2808211897267031,2,3e-05
0.265225,0.08284789148289712,6.173062061520795e-12,0.28083028632223717,0.28083028632841023,0.08287789148289712,0.2802090936607081,0.2808363832448424,1,0.08281789148289712,0.2815172402404379,0.28082419170707085,2,3e-05
0.26522999999999997,0.08286024425681682,-5.521305634914597e-12,0.2808332888006363,0.280833288795115,0.08289024425681682,0.280212992151866,0.2808393864120254,1,0.08283024425681682,0.2815190194021906,0.28082719347322455,2,3e-05
0.265235,0.08287259489055723,4.5615178301261494e-12,0.2808362910432108,0.2808362910477723,0.08290259489055724,0.28021688771346137,0.28084238936493877,1,0.08284259489055723,0.2815208032723731,0.2808301950255519,2,3e-05
0.26524,0.08288494338300081,-9.916345522498204e-12,0.28083929309589345,0.2808392930859771,0.08291494338300082,0.2802207803991031,0.28084539210317777,1,0.08285494338300081,0.2815225918707018,0.280833196363647,2,3e-05
0.265245,0.08289728973750025,2.2744028882470957e-12,0.28084229490795576,0.28084229491023016,0.08292728973750026,0.28022467017411534,0.2808483946272438,1,0.08286728973750025,0.2815243851093136,0.2808361974880106,2,3e-05
0.26525,0.08290963395293803,-5.070110997706934e-12,0.2808452965251938,0.2808452965201237,0.08293963395293803,0.28022855709189565,0.2808513969367302,1,0.08287963395293803,0.28152618300828003,0.2808391983982386,2,3e-05
0.265255,0.08292197603154927,-5.092093413594512e-12,0.2808482979210284,0.2808482979159363,0.08295197603154927,0.2802324411396728,0.28085439903191356,1,0.08289197603154927,0.2815279855072688,0.28084219909460406,2,3e-05
0.26526,0.08293431597445161,4.6962989053156434e-12,0.2808512990930167,0.280851299097713,0.08296431597445161,0.2802363223266646,0.28085740091284184,1,0.08290431597445161,0.28152979257310373,0.2808451995771554,2,3e-05
0.265265,0.08294665378164501,2.603639526199686e-12,0.2808543000626738,0.28085430006527745,0.08297665378164501,0.28024020068390393,0.28086040257933453,1,0.082916653781645,0.2815316041995696,0.2808481998457151,2,3e-05
0.26527,0.08295898945424707,-8.765654868625461e-12,0.28085730082744176,0.2808573008186761,0.08298898945424707,0.2802440762203964,0.2808634040314426,1,0.08292898945424707,0.2815334203538965,0.2808511999003302,2,3e-05
0.265275,0.08297132299449296,-2.7092772469927695e-12,0.2808603013608957,0.2808603013581864,0.08300132299449296,0.2802479489232196,0.28086640526944157,1,0.08294132299449296,0.28153524097702487,0.28085419974127657,2,3e-05
0.26528,0.08298365440238269,-8.058553824241699e-13,0.2808633016844351,0.2808633016836292,0.08301365440238269,0.28025181882313804,0.2808694062931529,1,0.08295365440238268,0.28153706606335116,0.28085719936837633,2,3e-05
0.265285,0.08299598367903385,-4.4403369869883136e-13,0.2808663017954981,0.28086630179505406,0.08302598367903385,0.28025568592894345,0.28087240710262407,1,0.08296598367903385,0.28153889558089473,0.28086019878167845,2,3e-05
0.26528999999999997,0.08300831082556401,9.752199048307375e-13,0.28086930169153457,0.2808693016925098,0.08303831082556401,0.2802595502493894,0.2808754076979078,1,0.082978310825564,0.2815407294979345,0.2808631979812323,2,3e-05
0.265295,0.08302063584309072,6.057598866959779e-12,0.2808723013699878,0.2808723013760454,0.08305063584309072,0.28026341179312836,0.28087840807905007,1,0.08299063584309072,0.2815425677829719,0.2808661969670863,2,3e-05
0.2653,0.08303295873161409,-6.508349414957593e-12,0.28087530085199197,0.2808753008454836,0.0830629587316141,0.2802672705904843,0.28088140824587526,1,0.08300295873161409,0.28154441043110245,0.28086919573906277,2,3e-05
0.265305,0.08304527949336918,-1.013505945834936e-11,0.2808783001112362,0.28087830010110115,0.08307527949336918,0.28027112662825404,0.2808844081986595,1,0.08301527949336918,0.2815462573849294,0.28087219429743865,2,3e-05
0.26531,0.08305759812947364,-2.2092883078528303e-12,0.28088129914515786,0.28088129914294857,0.08308759812947364,0.28027497991491523,0.28088740793745337,1,0.08302759812947363,0.28154810861372576,0.2808751926422633,2,3e-05
0.26531499999999997,0.08306991463992747,-3.9343528435153985e-12,0.2808842979747808,0.28088429797084646,0.08309991463992747,0.28027883048050006,0.28089040746207966,1,0.08303991463992746,0.2815499641131557,0.2808781907733602,2,3e-05
0.26532,0.08308222902640701,-7.090994458280875e-13,0.28088729658566963,0.28088729658496053,0.08311222902640701,0.28028267832251774,0.2808934067727009,1,0.083052229026407,0.2815518238397746,0.2808811886908923,2,3e-05
0.265325,0.0830945412894711,-1.749989042565403e-12,0.28089029498697743,0.28089029498522744,0.0831245412894711,0.2802865234599837,0.2808964058692549,1,0.08306454128947109,0.2815536877765081,0.2808841863947953,2,3e-05
0.26533,0.08310685143079609,7.515266187141378e-12,0.28089329316429484,0.2808932931718101,0.08313685143079609,0.28029036589032286,0.28089940475190495,1,0.08307685143079609,0.2815555558804245,0.2808871838852355,2,3e-05
0.265335,0.0831191594498232,-5.756617404983899e-12,0.2808962911501749,0.2808962911444183,0.0831491594498232,0.2802942056539067,0.2809024034203623,1,0.0830891594498232,0.2815574281608452,0.2808901811619206,2,3e-05
0.26534,0.08313146534990518,8.519573935217295e-12,0.28089928889503857,0.28089928890355814,0.08316146534990518,0.2802980427157561,0.28090540187513086,1,0.08310146534990517,0.28155930453635825,0.2808931782253555,2,3e-05
0.265345,0.08314376912992448,5.7502336225923045e-12,0.2809022864430747,0.2809022864488249,0.08317376912992448,0.2803018771268378,0.2809084001158075,1,0.08311376912992448,0.2815611850295638,0.2808961750751373,2,3e-05
0.26535,0.08315607079155743,5.445643935786393e-13,0.2809052837798395,0.28090528378038404,0.08318607079155743,0.28030570888427087,0.2809113981425568,1,0.08312607079155743,0.2815630695984128,0.2808991717114306,2,3e-05
0.265355,0.08316837033648042,7.419176384360071e-12,0.28090828089098036,0.28090828089839953,0.08319837033648042,0.28030953798519803,0.2809143959555442,1,0.08313837033648042,0.28156495820119065,0.28090216813440055,2,3e-05
0.26536,0.08318066776413471,-6.13575856789339e-12,0.2809112778087178,0.280911277802582,0.08321066776413472,0.2803133644694792,0.2809173935544795,1,0.08315066776413471,0.28156685084786603,0.2809051643437554,2,3e-05
0.265365,0.08319296307731419,-2.077060745619974e-12,0.28091427449540207,0.280914274493325,0.0832229630773142,0.28031718831272506,0.2809203909397555,1,0.08316296307731419,0.2815687474714045,0.28090816033988886,2,3e-05
0.26537,0.0832052562760189,-1.1229350782571146e-12,0.28091727097157404,0.2809172709704511,0.0832352562760189,0.28032100954396216,0.2809233881111962,1,0.08317525627601889,0.2815706480692873,0.2809111561226254,2,3e-05
0.26537499999999997,0.08321754736136647,-4.397593400540245e-13,0.28092026723445296,0.2809202672340132,0.08324754736136647,0.2803248281707413,0.2809263850688539,1,0.08318754736136647,0.2815725526134522,0.28091415169201667,2,3e-05
0.26538,0.0832298363344744,2.7665647550634276e-12,0.28092326328129624,0.2809232632840628,0.0832598363344744,0.28032864420056536,0.28092938181278154,1,0.08319983633447439,0.2815744610760662,0.280917147048114,2,3e-05
0.265385,0.08324212319590152,-3.4139358007223564e-13,0.2809262591208799,0.2809262591205385,0.08327212319590152,0.2803324576515114,0.2809323783429157,1,0.08321212319590152,0.2815763734422078,0.2809201421908557,2,3e-05
0.26539,0.08325440794732422,4.745037696096688e-12,0.2809292547388605,0.2809292547436055,0.08328440794732422,0.28033626852030974,0.2809353746594235,1,0.08322440794732422,0.2815782896717046,0.28092313712040795,2,3e-05
0.265395,0.08326669058930129,9.200196160463747e-12,0.28093225014400475,0.28093225015320494,0.0832966905893013,0.280340076824903,0.28093837076224315,1,0.08323669058930129,0.2815802097499899,0.2809261318367089,2,3e-05
0.26539999999999997,0.08327897112239153,4.2855163862043355e-12,0.28093524534498693,0.28093524534927244,0.08330897112239154,0.2803438825831127,0.2809413666513142,1,0.08324897112239153,0.28158213366264834,0.280929126339698,2,3e-05
0.265405,0.0832912495477125,-7.090994458280875e-12,0.28093824033895143,0.28093824033186043,0.0833212495477125,0.2803476858020944,0.2809443623266885,1,0.0832612495477125,0.281584061382743,0.28093212062942674,2,3e-05
0.26541,0.08330352586749942,1.1250445020039024e-12,0.280941235100128,0.280941235101253,0.08333352586749943,0.28035148646784885,0.28094735778864743,1,0.08327352586749942,0.2815859928582788,0.28093511470617694,2,3e-05
0.265415,0.08331580008175224,8.617051516779384e-12,0.28094422964865545,0.2809442296572725,0.08334580008175224,0.28035528460857395,0.2809503530370171,1,0.08328580008175224,0.28158792808802,0.2809381085697719,2,3e-05
0.26542,0.083328072190471,-4.763411887154234e-12,0.28094722400450955,0.28094722399974614,0.083358072190471,0.2803590802523114,0.2809533480716208,1,0.083298072190471,0.28158986707076206,0.28094110222003876,2,3e-05
0.265425,0.08334034219700842,1.0050127396965536e-11,0.2809502181191315,0.28095021812918164,0.08337034219700842,0.2803628733638843,0.28095634289296917,1,0.08331034219700842,0.28159180972999726,0.28094409565748585,2,3e-05
0.26543,0.08335261010024697,9.858169836007846e-12,0.28095321203531876,0.2809532120451769,0.08338261010024697,0.2803666639922412,0.28095933750066104,1,0.08332261010024697,0.28159375609000564,0.2809470888817105,2,3e-05
0.265435,0.08336487590130419,-2.3486212974432874e-12,0.2809562057501347,0.28095620574778607,0.08339487590130419,0.2803704521441662,0.2809623318947473,1,0.08333487590130419,0.28159570612486734,0.280950081892766,2,3e-05
0.26544,0.08337713960241527,-6.327161017338767e-13,0.28095919923792256,0.28095919923728985,0.08340713960241528,0.2803742378054094,0.2809653260755124,1,0.08334713960241527,0.2815976597838923,0.2809530746909349,2,3e-05
0.265445,0.08338940120358021,-4.99095209605116e-12,0.28096219251850707,0.2809621925135161,0.08341940120358021,0.2803780210036312,0.280968320042781,1,0.08335940120358021,0.28159961706658654,0.28095606727604183,2,3e-05
0.26545,0.08340166070703417,1.0418998996897244e-11,0.2809651855663259,0.2809651855767449,0.08343166070703417,0.2803818017245571,0.2809713137968352,1,0.08337166070703417,0.2816015779227256,0.28095905964837026,2,3e-05
0.265455,0.08341391811165959,2.8305136012818366e-12,0.2809681784237456,0.2809681784265761,0.08344391811165959,0.2803855800165482,0.2809743073372739,1,0.08338391811165959,0.2816035423769283,0.28096205180751743,2,3e-05
0.26546,0.08342617341969161,-1.8599011220032935e-12,0.28097117106515057,0.28097117106329067,0.08345617341969161,0.28038935586520997,0.28097730066437926,1,0.0833961734196916,0.2816055103792932,0.28096504375376674,2,3e-05
0.265465,0.08343842663224786,-6.80566714095221e-13,0.2809741634876238,0.2809741634869432,0.08346842663224786,0.28039312927700155,0.28098029377820666,1,0.08340842663224786,0.281607481904993,0.2809680354871705,2,3e-05
0.26547,0.08345067775044589,9.3574592519019e-12,0.2809771556882329,0.28097715569759035,0.08348067775044589,0.2803969002583402,0.2809832866788096,1,0.08342067775044588,0.28160945692941247,0.280971027007785,2,3e-05
0.265475,0.08346292677428573,8.535006035259585e-12,0.28098014768652163,0.28098014769505664,0.08349292677428573,0.28040066883634585,0.2809862793660163,1,0.08343292677428572,0.2816114354527342,0.2809740183154366,2,3e-05
0.26548,0.08347517370488494,-6.200595592531499e-14,0.28098313947946024,0.28098313947939824,0.08350517370488494,0.2804044350172702,0.2809892718398806,1,0.08344517370488494,0.28161341745054924,0.28097700941017967,2,3e-05
0.265485,0.08348741854447869,9.257039579324555e-12,0.2809861310416419,0.2809861310508989,0.0835174185444787,0.2804081987865882,0.2809922641006881,1,0.08345741854447869,0.28161540287406345,0.2809800002922982,2,3e-05
0.26549,0.08349966129194943,-5.725364626840701e-12,0.2809891224148816,0.28098912240915624,0.08352966129194943,0.2804119601919071,0.2809952561480336,1,0.08346966129194942,0.28161739174837397,0.2809829909613909,2,3e-05
0.265495,0.08351190195064989,3.3011926525716717e-12,0.28099211355138165,0.28099211355468284,0.0835419019506499,0.28041571919792296,0.2809982479824346,1,0.08348190195064989,0.2816193840004978,0.28098598141796927,2,3e-05
0.2655,0.08352414051946251,-5.788036716580791e-12,0.2809951044928658,0.28099510448707776,0.08355414051946251,0.2804194758520482,0.281001239603485,1,0.08349414051946251,0.281621379655699,0.28098897166163206,2,3e-05
0.265505,0.08353637700062247,-7.313982752776838e-12,0.28099809521393954,0.28099809520662555,0.08356637700062247,0.2804232301395924,0.2810042310114722,1,0.08350637700062247,0.2816233786659019,0.28099196169266366,2,3e-05
0.26551,0.08354861139524729,1.7877366254026583e-12,0.28100108571159355,0.2810010857133813,0.08357861139524729,0.2804269820665231,0.2810072222064518,1,0.08351861139524729,0.2816253810077116,0.2809949515111205,2,3e-05
0.265515,0.083560843703337,2.1191381982532675e-12,0.2810040760050527,0.28100407600717187,0.083590843703337,0.2804307316593201,0.281010213188251,1,0.083530843703337,0.2816273866821982,0.2809979411168289,2,3e-05
0.26552,0.08357307392600924,-3.1558644586482387e-12,0.28100706609121173,0.28100706608805587,0.08360307392600924,0.28043447892378515,0.2810132039569258,1,0.08354307392600924,0.28162939566615475,0.281000930509846,2,3e-05
0.265525,0.08358530206494033,2.790545572395331e-13,0.2810100559559235,0.28101005595620254,0.08361530206494033,0.2804382238554148,0.2810161945126474,1,0.08355530206494033,0.28163140792445857,0.28100391969034183,2,3e-05
0.26553,0.0835975281206891,4.3754999623502044e-12,0.2810130456071794,0.2810130456115549,0.0836275281206891,0.28044196647019065,0.2810191848553587,1,0.0835675281206891,0.28163342344635456,0.28100690865825856,2,3e-05
0.265535,0.08360975209381433,1.088573675644966e-12,0.2810160350529651,0.28101603505405365,0.08363975209381433,0.28044570678402503,0.2810221749850013,1,0.08357975209381432,0.28163544222121306,0.2810098974135379,2,3e-05
0.26554,0.08362197398599237,4.766242955867028e-12,0.2810190242791052,0.28101902428387143,0.08365197398599238,0.2804494447922732,0.2810251649017464,1,0.08359197398599237,0.28163746421434477,0.28101288595635304,2,3e-05
0.265545,0.0836341937972233,-3.7291836285646696e-12,0.2810220133045651,0.2810220133008359,0.0836641937972233,0.28045318052091717,0.2810281546054231,1,0.0836041937972233,0.28163948942740413,0.2810158742865302,2,3e-05
0.26555,0.08364641152974217,1.0599854327608682e-12,0.281025002104173,0.281025002105233,0.08367641152974217,0.28045691395505445,0.28103114409631713,1,0.08361641152974217,0.2816415178140056,0.28101886240435603,2,3e-05
0.265555,0.08365862718354909,6.256106743762757e-14,0.2810279906968296,0.28102799069689216,0.0836886271835491,0.2804606451205257,0.28103413337425603,1,0.08362862718354909,0.281643549376004,0.28102185030965804,2,3e-05
0.26556,0.08367084075976164,-3.493760836192905e-12,0.2810309790793635,0.2810309790758697,0.08370084075976164,0.2804643740227067,0.2810371224392991,1,0.08364084075976164,0.2816455840913328,0.2810248380024942,2,3e-05
0.265565,0.08368305225949735,-6.3993810250906336e-12,0.2810339672486233,0.2810339672422239,0.08371305225949735,0.28046810066693595,0.28104011129150347,1,0.08365305225949735,0.2816476219380661,0.28102782548292343,2,3e-05
0.26557000000000003,0.08369526168387384,-5.4488080714065745e-12,0.28103695520146094,0.28103695519601213,0.08372526168387384,0.2804718250585088,0.2810430999309263,1,0.08366526168387384,0.28164966289442034,0.2810308127510005,2,3e-05
0.265575,0.08370746903400869,2.5783819523894635e-12,0.2810399429347131,0.2810399429372915,0.0837374690340087,0.2804755472026762,0.2810460883576263,1,0.08367746903400869,0.28165170693876085,0.2810337998067851,2,3e-05
0.26558,0.08371967430990188,-1.170619157164765e-12,0.28104293046706397,0.28104293046589335,0.08374967430990188,0.28047926712489685,0.2810490765714323,1,0.08368967430990187,0.28165375407339077,0.28103678665010645,2,3e-05
0.265585,0.08373187751378862,8.597789147302137e-12,0.2810459177735057,0.28104591778210347,0.08376187751378862,0.2804829848100398,0.2810520645726314,1,0.08370187751378862,0.2816558042530984,0.2810397732812509,2,3e-05
0.26559,0.08374407864455133,-8.850919996916673e-12,0.28104890489437157,0.28104890488552065,0.08377407864455133,0.2804867003036259,0.28105505236082406,1,0.08371407864455133,0.28165785750408634,0.28104275969981873,2,3e-05
0.265595,0.08375627770554274,-6.263212171120358e-12,0.28105189178292794,0.28105189177666473,0.08378627770554274,0.28049041357027016,0.2810580399365277,1,0.08372627770554274,0.28165991375773936,0.2810457459063265,2,3e-05
0.2656,0.08376847469676287,-2.3694934903062403e-12,0.281054878457732,0.28105487845536253,0.08379847469676287,0.28049412463515694,0.2810610272995709,1,0.08373847469676286,0.28166197301675316,0.2810487319006033,2,3e-05
0.265605,0.08378066961932928,6.108225036882686e-12,0.2810578649155662,0.28105786492167445,0.08381066961932929,0.2804978335032321,0.2810640144500129,1,0.08375066961932928,0.281664035260242,0.28105171768270865,2,3e-05
0.26561,0.083792862473242,5.832001548355947e-13,0.2810608511748466,0.2810608511754298,0.083822862473242,0.28050154019949414,0.28106700138768487,1,0.083762862473242,0.2816661004909734,0.2810547032524723,2,3e-05
0.265615,0.08380505326073617,6.242728556316024e-12,0.2810638372106739,0.28106383721691663,0.08383505326073618,0.28050524470864746,0.28106998811287315,1,0.08377505326073617,0.2816681686647128,0.2810576886101821,2,3e-05
0.26562,0.08381724198181184,4.541755860287822e-12,0.2810668230414236,0.28106682304596536,0.08384724198181184,0.28050894705558344,0.281072974625409,1,0.08378724198181184,0.2816702397844341,0.28106067375566784,2,3e-05
0.265625,0.08382942863758654,-1.1685652445692085e-12,0.2810698086638035,0.2810698086626349,0.08385942863758654,0.2805126472449848,0.2810759609253519,1,0.08379942863758653,0.2816723138296723,0.28106365868898886,2,3e-05
0.26563,0.0838416132291779,-7.524036949035917e-12,0.28107279407450986,0.2810727940669858,0.0838716132291779,0.2805163452815566,0.28107894701276137,1,0.08381161322917789,0.2816743907800819,0.28106664341020493,2,3e-05
0.265635,0.0838537957582623,-3.592126596174694e-13,0.2810757792595503,0.2810757792591911,0.0838837957582623,0.28052004115993207,0.2810819328878112,1,0.08382379575826229,0.28167647060379086,0.28106962791948964,2,3e-05
0.26564,0.0838659762242809,-8.891276603861797e-12,0.28107876424785866,0.2810787642389674,0.0838959762242809,0.2805237349146847,0.28108491855021767,1,0.08383597622428089,0.281678553315746,0.28107261221655955,2,3e-05
0.265645,0.0838781546300277,2.7682300896003653e-12,0.2810817490039499,0.2810817490067181,0.0839081546300277,0.28052742652041246,0.2810879040003866,1,0.08384815463002769,0.2816806388609894,0.28107559630181794,2,3e-05
0.26565,0.08389033097494394,5.4853899200679734e-12,0.28108473355667474,0.2810847335621601,0.08392033097494395,0.280531116011533,0.28109088923803077,1,0.08386033097494394,0.28168272725460286,0.2810785801749814,2,3e-05
0.26565500000000003,0.08390250526014716,2.6500468486290174e-12,0.28108771790270415,0.2810877179053542,0.08393250526014716,0.2805348033924581,0.28109387426321336,1,0.08387250526014715,0.2816848184767967,0.2810815638361095,2,3e-05
0.26566,0.08391467748675496,-2.3216983890961274e-12,0.2810907020386807,0.281090702036359,0.08394467748675496,0.28053848866758824,0.2810968590759939,1,0.08388467748675496,0.2816869125078867,0.28108454728526383,2,3e-05
0.265665,0.08392684765588491,-6.029787780192919e-12,0.28109368596126516,0.2810936859552354,0.08395684765588492,0.2805421718412577,0.28109984367643265,1,0.08389684765588491,0.2816890093283338,0.28108753052250246,2,3e-05
0.26567,0.08393901576865463,-5.082878562490123e-12,0.28109666966712904,0.28109666966204616,0.08396901576865463,0.28054585291778866,0.2811028280645913,1,0.08390901576865463,0.2816911089187186,0.28109051354788883,2,3e-05
0.265675,0.08395118182618169,3.913147583745058e-12,0.28109965315293695,0.2810996531568501,0.0839811818261817,0.28054953190145665,0.28110581224053083,1,0.08392118182618169,0.28169321125972674,0.2810934963614814,2,3e-05
0.26568,0.08396334582846612,2.895184092466252e-12,0.28110263643658384,0.281102636439479,0.08399334582846613,0.280553208816268,0.28110879620408163,1,0.08393334582846612,0.28169531635519596,0.2810964789631131,2,3e-05
0.265685,0.08397550777662545,-4.680145160307347e-12,0.2811056195146748,0.28110561950999463,0.08400550777662545,0.28055688366635767,0.28111177995530584,1,0.08394550777662545,0.28169742418596533,0.2810994613528445,2,3e-05
0.26569,0.08398766767289492,6.063760604746449e-12,0.28110860236262386,0.2811086023686876,0.08401766767289492,0.280560556436107,0.28111476349449416,1,0.08395766767289492,0.28169953471005804,0.2811024435309659,2,3e-05
0.265695,0.08399982551615684,-4.2543746303636e-12,0.28111158501941486,0.2811115850151605,0.08402982551615684,0.28056422716906615,0.28111774682124946,1,0.08396982551615684,0.28170164795443775,0.2811054254970809,2,3e-05
0.2657,0.08401198130920529,-6.966649479522857e-14,0.28111456744988916,0.2811145674498195,0.08404198130920529,0.28056789583967134,0.2811207299359764,1,0.08398198130920528,0.28170376386591234,0.2811084072515937,2,3e-05
0.265705,0.08402413505204023,6.954437026251981e-13,0.2811175496717997,0.28111754967249514,0.08405413505204024,0.28057156247162895,0.2811237128385096,1,0.08399413505204023,0.2817058824486528,0.2811113887943369,2,3e-05
0.26571,0.08403628674577923,1.5411005804821798e-12,0.2811205316817098,0.2811205316832509,0.08406628674577923,0.2805752270688515,0.2811266955289095,1,0.08400628674577923,0.28170800368404525,0.2811143701253731,2,3e-05
0.265715,0.08404843639153989,5.940192782105669e-12,0.28112351347620823,0.2811235134821484,0.08407843639153989,0.28057888963526134,0.28112967800723776,1,0.08401843639153989,0.2817101275535727,0.28111735124476334,2,3e-05
0.26572,0.084060583989881,6.762534976445522e-12,0.28112649506237286,0.2811264950691354,0.08409058398988101,0.28058255018450606,0.2811326602734425,1,0.084030583989881,0.28171225405020095,0.2811203321524556,2,3e-05
0.265725,0.08407272954192015,7.508105248632546e-12,0.2811294764367648,0.2811294764442729,0.08410272954192015,0.2805862087203898,0.2811356423275861,1,0.08404272954192014,0.28171438315558217,0.2811233128485118,2,3e-05
0.26573,0.08408487304765733,-9.469203199330423e-12,0.2811324576168641,0.2811324576073949,0.08411487304765733,0.28058986526622254,0.28113862416950197,1,0.08405487304765732,0.2817165148741511,0.28112629333276384,2,3e-05
0.265735,0.08409701451044531,1.676991878696299e-12,0.2811354385573461,0.28113543855902307,0.08412701451044531,0.28059351978664393,0.2811416057997106,1,0.0840670145104453,0.28171864914245676,0.2811292736057357,2,3e-05
0.26574000000000003,0.08410915392916649,2.1385671011842078e-12,0.2811384192966216,0.28113841929876016,0.08413915392916649,0.280597172324416,0.2811445872178166,1,0.08407915392916648,0.2817207859877531,0.2811322536670277,2,3e-05
0.265745,0.08412129130493852,-4.491296223818608e-12,0.2811413998311614,0.2811413998266701,0.08415129130493852,0.28060082288313476,0.2811475684238835,1,0.08409129130493852,0.28172292539204824,0.28113523351670483,2,3e-05
0.26575,0.08413342663999648,6.386502438004982e-12,0.28114438013665916,0.28114438014304566,0.08416342663999649,0.28060447144693323,0.28115054941820367,1,0.08410342663999648,0.2817250673149473,0.281138213155059,2,3e-05
0.265755,0.08414555993322284,-3.784694779795927e-12,0.2811473602512743,0.2811473602474896,0.08417555993322284,0.28060811805828545,0.28115353020037925,1,0.08411555993322284,0.28172721178372,0.28114119258169434,2,3e-05
0.26576,0.08415769118741157,1.2090328738167955e-13,0.2811503401402886,0.2811503401404095,0.08418769118741157,0.28061176269151505,0.2811565107708206,1,0.08412769118741156,0.281729358746917,0.28114417179701734,2,3e-05
0.26576500000000003,0.0841698204025626,6.363798377151397e-13,0.28115331982100333,0.2811533198216397,0.0841998204025626,0.28061540536953894,0.2811594911293605,1,0.0841398204025626,0.2817315082094577,0.28114715080086333,2,3e-05
0.26577,0.08418194757979361,1.3612444504929044e-12,0.281156299289884,0.28115629929124525,0.08421194757979361,0.2806190460957605,0.2811624712760626,1,0.0841519475797936,0.281733660153803,0.2811501295932962,2,3e-05
0.265775,0.08419407272022217,5.880407272229604e-12,0.28115927854340783,0.28115927854928824,0.08422407272022217,0.28062268487357916,0.28116545121099074,1,0.08416407272022217,0.2817358145625604,0.28115310817437766,2,3e-05
0.26578,0.08420619582440705,7.295442028265597e-12,0.2811622575884217,0.28116225759571717,0.08423619582440706,0.2806263217160109,0.28116843093409394,1,0.08417619582440705,0.2817379714295747,0.2811560865440562,2,3e-05
0.265785,0.08421831689346583,9.248934951244792e-12,0.28116523642134866,0.2811652364305976,0.08424831689346583,0.2806299566263505,0.28117141044543703,1,0.08418831689346583,0.2817401307375942,0.2811590647023985,2,3e-05
0.26579,0.08423043592739851,-5.511424649995433e-12,0.2811682150592752,0.28116821505376377,0.08426043592739851,0.28063358962714363,0.28117438974485304,1,0.08420043592739851,0.2817422924916986,0.28116204264923667,2,3e-05
0.265795,0.08424255292955789,8.31240631882224e-12,0.2811711934574255,0.2811711934657379,0.08427255292955789,0.28063722068305025,0.2811773688328677,1,0.08421255292955789,0.28174445663035236,0.2811650203850949,2,3e-05
0.26580000000000004,0.08425466789770872,-8.101908033353311e-12,0.2811741716739985,0.2811741716658966,0.08428466789770872,0.28064084985504595,0.2811803477088539,1,0.08422466789770872,0.2817466232032022,0.28116799790934927,2,3e-05
0.265805,0.08426678083576265,8.66806626476091e-13,0.28117714965401114,0.28117714965487794,0.08429678083576266,0.28064447709816387,0.28118332637345367,1,0.08423678083576265,0.2817487921378692,0.28117097522263745,2,3e-05
0.26581,0.0842788917431608,7.67197416706722e-12,0.2811801274247319,0.2811801274324039,0.08430889174316081,0.2806481024443442,0.28118630482638535,1,0.0842488917431608,0.2817509634508045,0.2811739523246805,2,3e-05
0.265815,0.084291000620462,5.611233699909235e-12,0.28118310499281013,0.28118310499842136,0.08432100062046201,0.2806517259062575,0.2811892830675984,1,0.084261000620462,0.2817531371363076,0.28117692921542653,2,3e-05
0.26582,0.08430310746934266,8.72280025987493e-12,0.28118608234438963,0.28118608235311243,0.08433310746934267,0.2806553474773236,0.28119226109727413,1,0.08427310746934266,0.2817553131666392,0.28117990589505776,2,3e-05
0.26582500000000003,0.08431521228980274,-1.2378986724570495e-14,0.28118905949632467,0.2811890594963123,0.08434521228980274,0.28065896717965083,0.2811952389152471,1,0.08428521228980274,0.2817574915472639,0.28118288236340677,2,3e-05
0.26583,0.08432731508407744,3.75172115596456e-12,0.2811920364245637,0.2811920364283154,0.08435731508407744,0.28066258499706737,0.28119821652181354,1,0.08429731508407744,0.2817596722396501,0.28118585862077133,2,3e-05
0.265835,0.08433941585216674,3.0399571748773724e-12,0.2811950131459175,0.28119501314895745,0.08436941585216674,0.2806662009516005,0.2812011939168075,1,0.08430941585216674,0.28176185524936925,0.28118883466698513,2,3e-05
0.26584,0.0843515145951882,1.5581980150614072e-12,0.2811979896567467,0.2811979896583049,0.08438151459518821,0.2806698150460966,0.2812041711002966,1,0.0843215145951882,0.28176404056007537,0.2811918105021139,2,3e-05
0.265845,0.08436361131425946,3.0085933744317117e-12,0.2812009659534127,0.2812009659564213,0.08439361131425946,0.28067342728339045,0.2812071480723442,1,0.08433361131425945,0.28176622815547003,0.2811947861262233,2,3e-05
0.26585000000000003,0.08437570600993932,8.171796572753465e-13,0.28120394204244303,0.2812039420432602,0.08440570600993932,0.2806770376757931,0.2812101248329038,1,0.08434570600993932,0.28176841803031494,0.281197761539264,2,3e-05
0.265855,0.08438779868390411,8.94700979969798e-12,0.2812069179100537,0.2812069179190007,0.08441779868390412,0.28068064621656136,0.2812131013821551,1,0.08435779868390411,0.2817706101575804,0.2812007367414184,2,3e-05
0.26586,0.08439988933559509,3.977929097231936e-13,0.2812098935829675,0.2812098935833653,0.08442988933559509,0.2806842529368922,0.28121607771981944,1,0.08436988933559508,0.28177280455390585,0.28120371173240577,2,3e-05
0.265865,0.08441197796724736,-6.307177002895514e-13,0.28121286903727893,0.2812128690366482,0.08444197796724737,0.28068785782047356,0.2812190538461936,1,0.08438197796724736,0.28177500118153276,0.28120668651252245,2,3e-05
0.26587,0.08442406457941981,-6.253886297713507e-13,0.28121584427942886,0.2812158442788035,0.08445406457941981,0.2806914608794311,0.2812220297612283,1,0.08439406457941981,0.2817772000354434,0.2812096610817207,2,3e-05
0.26587500000000003,0.08443614917267116,-6.047717882040615e-12,0.2812188193158279,0.28121881930978015,0.08446614917267116,0.2806950621258388,0.2812250054648758,1,0.08440614917267115,0.2817794011106671,0.28121263543995045,2,3e-05
0.26588,0.08444823174867779,-2.948197241892103e-12,0.2812217941327108,0.2812217941297626,0.08447823174867779,0.2806986615527933,0.281227980957319,1,0.08441823174867778,0.2817816043806062,0.2812156095873962,2,3e-05
0.26588500000000004,0.08446031230743974,-7.954081837624472e-12,0.2812247687465388,0.2812247687385847,0.08449031230743974,0.28070225918173175,0.28123095623839145,1,0.08443031230743973,0.28178380985123913,0.2812185835238914,2,3e-05
0.26589,0.08447239085119217,3.0552782526171995e-12,0.28122774313349097,0.28122774313654625,0.08450239085119217,0.28070585499627576,0.2812339313083937,1,0.08444239085119216,0.28178601748533727,0.2812215572497347,2,3e-05
0.265895,0.08448446737881753,-6.781353256712919e-12,0.28123071733003313,0.2812307173232518,0.08451446737881753,0.28070944903658285,0.28123690616693064,1,0.08445446737881752,0.2817882273105225,0.281224530764533,2,3e-05
0.2659,0.0844965418936685,6.882827641163658e-12,0.2812336912923471,0.2812336912992299,0.0845265418936685,0.2807130412674187,0.2812398808145315,1,0.08446654189366849,0.2817904392682379,0.28122750406881314,2,3e-05
0.265905,0.08450861439462753,7.317535466455638e-12,0.2812366650567704,0.28123666506408795,0.08453861439462754,0.2807166317288029,0.2812428552508021,1,0.08447861439462753,0.2817926533861294,0.2812304771621827,2,3e-05
0.26591000000000004,0.0845206848828122,-1.6692203175239229e-12,0.2812396386195629,0.2812396386178937,0.0845506848828122,0.28072022042304184,0.28124582947581006,1,0.0844906848828122,0.2817948696488049,0.2812334500447082,2,3e-05
0.265915,0.08453275336045774,3.958389171998533e-12,0.2812426119569856,0.28124261196094397,0.08456275336045774,0.28072380733368973,0.2812488034898547,1,0.08450275336045773,0.28179708801956005,0.2812364227166882,2,3e-05
0.26592,0.08454481982756407,7.778500066280003e-12,0.2812455850852986,0.2812455850930771,0.08457481982756407,0.2807273924817864,0.28125177729277234,1,0.08451481982756406,0.2817993085046468,0.2812393951779602,2,3e-05
0.265925,0.08455688428413123,-6.501299498751223e-12,0.2812485580206315,0.2812485580141302,0.08458688428413123,0.2807309758882828,0.281254750884401,1,0.08452688428413123,0.2818015311102844,0.281242367428361,2,3e-05
0.26593,0.08456894673351201,5.201783448427477e-12,0.2812515307194305,0.28125153072463227,0.08459894673351201,0.2807345575179816,0.2812577242652705,1,0.084538946733512,0.2818037557786846,0.28124533946842056,2,3e-05
0.26593500000000003,0.08458100717458876,6.476985614511932e-12,0.2812545032177152,0.2812545032241922,0.08461100717458876,0.2807381374104495,0.2812606974349875,1,0.08455100717458876,0.28180598253754596,0.28124831129774575,2,3e-05
0.26594,0.0845930656084791,1.1702305791061463e-12,0.2812574755117058,0.28125747551287605,0.0846230656084791,0.2807417155677928,0.28126367039362,1,0.0845630656084791,0.2818082113719043,0.2812512829164045,2,3e-05
0.265945,0.08460512203630059,-6.829592447132882e-12,0.28126044759758356,0.28126044759075397,0.0846351220363006,0.28074529199210635,0.2812666431412378,1,0.08457512203630059,0.2818104422668481,0.2812542543244657,2,3e-05
0.26595,0.08461717646028846,6.337097513409162e-12,0.281263419451787,0.2812634194581241,0.08464717646028846,0.28074886666686444,0.28126961567813963,1,0.08458717646028846,0.28181267518637526,0.2812572255222276,2,3e-05
0.265955,0.0846292288793251,4.473865722331993e-12,0.28126639111012175,0.2812663911145956,0.0846592288793251,0.2807524396313178,0.2812725880039333,1,0.0845992288793251,0.2818149101581773,0.28126019650930006,2,3e-05
0.26596000000000003,0.08464127929452805,-8.482659019648509e-12,0.2812693625687188,0.28126936256023616,0.08467127929452806,0.2807560108874399,0.2812755601186887,1,0.08461127929452805,0.281817147167499,0.2812631672857488,2,3e-05
0.265965,0.08465332770813257,-8.697931264123326e-12,0.2812723338040427,0.2812723337953448,0.08468332770813257,0.2807595804186081,0.28127853202270336,1,0.08462332770813256,0.2818193861785802,0.2812661378518765,2,3e-05
0.26597000000000004,0.08466537412125619,7.659539669191417e-12,0.281275304812334,0.2812753048199935,0.08469537412125619,0.2807631482268333,0.28128150371604926,1,0.08463537412125618,0.281821627176927,0.28126910820775003,2,3e-05
0.265975,0.0846774185327813,4.6413983767479294e-12,0.28127827562914687,0.28127827563378827,0.0847074185327813,0.28076671435104134,0.2812844751983333,1,0.0846474185327813,0.28182387019019867,0.2812720783529787,2,3e-05
0.26598,0.08468946094494312,6.078082481764113e-12,0.28128124623095135,0.28128124623702944,0.08471946094494312,0.28077027877457583,0.28128744646985615,1,0.08465946094494312,0.28182611518287093,0.2812750482878624,2,3e-05
0.265985,0.08470150135774164,-3.986699859126475e-12,0.2812842166335431,0.2812842166295564,0.08473150135774164,0.2807738415177573,0.2812904175304561,1,0.08467150135774164,0.2818283621615734,0.28127801801223945,2,3e-05
0.26599,0.08471353977341206,-1.7964518761459658e-12,0.28128718681346615,0.2812871868116697,0.08474353977341206,0.28077740256390954,0.28129338838043483,1,0.08468353977341206,0.2818306110909881,0.2812809875264118,2,3e-05
0.26599500000000004,0.08472557619195434,-3.2731040100486553e-12,0.28129015678648134,0.28129015678320823,0.08475557619195434,0.2807809619332631,0.28129635901963,1,0.08469557619195434,0.28183286197784124,0.28128395683021573,2,3e-05
0.266,0.08473761061448604,-4.472255898946287e-12,0.2812931265487154,0.28129312654424315,0.08476761061448604,0.280784519627555,0.2812993294481133,1,0.08470761061448603,0.28183511480791396,0.28128692592372406,2,3e-05
0.266005,0.08474964304212482,-1.4830914274455154e-12,0.28129609609632583,0.28129609609484274,0.08477964304212482,0.2807880756484948,0.2813022996659552,1,0.08471964304212481,0.28183736956708144,0.28128989480700606,2,3e-05
0.26601,0.08476167347542943,-2.3919755065549e-13,0.2812990654352023,0.2812990654349631,0.08479167347542943,0.28079163000695423,0.2813052696731099,1,0.08473167347542943,0.28183962625168824,0.2812928634800161,2,3e-05
0.266015,0.08477370191495866,-6.638745109199817e-12,0.28130203457119834,0.2813020345645596,0.08480370191495866,0.2807951827137246,0.2813082394695322,1,0.08474370191495866,0.28184188485811656,0.28129583194270913,2,3e-05
0.26602000000000003,0.08478572836238893,-6.877665104099151e-12,0.2813050034906953,0.28130500348381765,0.08481572836238893,0.28079873376127,0.28131120905540935,1,0.08475572836238893,0.2818441453619782,0.28129880019527187,2,3e-05
0.266025,0.08479775281827899,-6.839140365144658e-12,0.28130797219953246,0.2813079721926933,0.08482775281827899,0.280802283160318,0.2813141784306966,1,0.08476775281827899,0.28184640775975206,0.28130176823765823,2,3e-05
0.26603,0.08480977528374645,-2.575273327920513e-12,0.2813109406938318,0.2813109406912565,0.08483977528374645,0.28080583091242545,0.28131714759546383,1,0.08477977528374644,0.28184867203759506,0.28130473606994133,2,3e-05
0.266035,0.08482179575935007,7.122080702970379e-14,0.2813139089793924,0.2813139089794636,0.08485179575935008,0.2808093770282609,0.28132011654966793,1,0.08479179575935007,0.28185093819205886,0.28130770369207514,2,3e-05
0.26604,0.0848338142456487,-4.700961842019069e-12,0.2813168770619711,0.28131687705727015,0.0848638142456487,0.2808129215184231,0.2813230852932636,1,0.0848038142456487,0.2818532062197254,0.28131067110401475,2,3e-05
0.26604500000000003,0.08484583074431867,-3.1215585671873214e-12,0.2813198449279846,0.28131984492486306,0.08487583074431868,0.28081646437523644,0.28132605382643966,1,0.08481583074431867,0.2818554760965511,0.2813136383059486,2,3e-05
0.26605,0.08485784525591883,-9.751643936795062e-13,0.28132281258317254,0.2813228125821974,0.08488784525591883,0.2808200056092558,0.2813290221491498,1,0.08482784525591883,0.281857747819238,0.2813166052978309,2,3e-05
0.26605500000000004,0.08486985778156671,5.711764394789043e-12,0.28132578002363384,0.2813257800293456,0.08489985778156671,0.2808235452218725,0.28133199026146727,1,0.0848398577815667,0.2818600213741914,0.2813195720797335,2,3e-05
0.26606,0.08488186832126231,1.4572787421229805e-12,0.28132874726469237,0.28132874726614965,0.08491186832126231,0.28082708323262945,0.2813349581632322,1,0.0848518683212623,0.28186229676844266,0.2813225386514984,2,3e-05
0.266065,0.08489387687668203,2.403632848313464e-14,0.2813317142927708,0.28133171429279485,0.08492387687668203,0.28083061963376077,0.28133792585463235,1,0.08486387687668202,0.28186457397821846,0.2813255050133116,2,3e-05
0.26607000000000003,0.0849058834483847,-4.295397371123499e-12,0.2813346811135332,0.2813346811092378,0.08493588344838471,0.28083415443564064,0.28134089333562384,1,0.0848758834483847,0.2818668530003249,0.2813284711651294,2,3e-05
0.266075,0.08491788803804666,2.238487173400472e-12,0.28133764771342823,0.2813376477156667,0.08494788803804666,0.28083768763049094,0.28134386060639494,1,0.08488788803804666,0.28186913381116335,0.2813314371071398,2,3e-05
0.26608000000000004,0.0849298906451091,-5.474676267880341e-12,0.2813406141172831,0.28134061411180844,0.0849598906451091,0.2808412192467121,0.28134682766667163,1,0.0848998906451091,0.2818714164280922,0.2813344028390684,2,3e-05
0.266085,0.08494189127180726,-3.99974497966582e-12,0.28134358030196377,0.281343580297964,0.08497189127180726,0.2808447492674163,0.2813497945167565,1,0.08491189127180726,0.28187370081735735,0.2813373683612187,2,3e-05
0.26609,0.08495388991814107,-8.64647242693195e-12,0.2813465462826233,0.2813465462739768,0.08498388991814107,0.28084827771185794,0.28135276115649194,1,0.08492388991814107,0.28187598698617555,0.2813403336734318,2,3e-05
0.266095,0.08496588658634571,3.959610417325621e-12,0.2813495120361912,0.2813495120401508,0.08499588658634571,0.28085180456316117,0.28135572758618216,1,0.08493588658634571,0.2818782749009836,0.2813432987760113,2,3e-05
0.2661,0.08497788127530366,-8.000267115448878e-13,0.28135247759689364,0.2813524775960936,0.08500788127530366,0.28085532985850836,0.281358693805436,1,0.08494788127530366,0.2818805645893493,0.28134626366856896,2,3e-05
0.26610500000000004,0.08498987398725003,4.911626660941693e-13,0.2813554429416226,0.2813554429421138,0.08501987398725003,0.2808588535809652,0.2813616598145595,1,0.08495987398725002,0.2818828560178629,0.2813492283514068,2,3e-05
0.26611,0.08500186472218482,-7.391254275290748e-12,0.28135840808544027,0.281358408078049,0.08503186472218482,0.2808623757495956,0.2813646256133937,1,0.08497186472218482,0.28188514919375274,0.2813521928243674,2,3e-05
0.266115,0.08501385348234324,-1.1029510638138618e-12,0.2813613730053091,0.28136137300420616,0.08504385348234324,0.2808658963474668,0.2813675912022431,1,0.08498385348234323,0.28188744408377725,0.28135515708775544,2,3e-05
0.26612,0.08502584026772528,4.1661118999059e-12,0.2813643377162619,0.281364337720428,0.08505584026772528,0.28086941539355537,0.281370556580951,1,0.08499584026772528,0.28188974069527367,0.281358121141413,2,3e-05
0.266125,0.08503782507833092,-6.675993091675991e-12,0.2813673022332301,0.2813673022265541,0.08506782507833092,0.280872932906751,0.28137352174935826,1,0.08500782507833092,0.28189203903552096,0.2813610849851819,2,3e-05
0.26613000000000003,0.08504980791695416,-7.479017405387367e-13,0.28137026652375546,0.28137026652300756,0.08507980791695416,0.2808764488611411,0.28137648670788606,1,0.08501980791695415,0.28189433906139094,0.28136404861948316,2,3e-05
0.266135,0.08506178878303616,-2.7113866707395573e-12,0.28137323061222463,0.28137323060951325,0.08509178878303617,0.28087996328450593,0.2813794514562615,1,0.08503178878303616,0.2818966407903453,0.28136701204404246,2,3e-05
0.26614000000000004,0.08507376767825336,1.1097234242640752e-12,0.2813761944851517,0.28137619448626144,0.08510376767825337,0.28088347616879966,0.28138241599467434,1,0.08504376767825336,0.2818989441995508,0.28136997525905044,2,3e-05
0.266145,0.08508574460316451,5.264455538167567e-12,0.28137915814794673,0.2813791581532112,0.08511574460316451,0.2808869875238238,0.28138538032308236,1,0.08505574460316451,0.281901249286371,0.28137293826446536,2,3e-05
0.26615,0.08509771955776962,-5.21249710061511e-12,0.28138212161541776,0.28138212161020526,0.08512771955776963,0.28089049736825344,0.2813883444413292,1,0.08506771955776962,0.28190355605819445,0.28137590106012766,2,3e-05
0.26615500000000003,0.08510969254430385,-7.0939365492961315e-12,0.28138508486464187,0.28138508485754793,0.08513969254430385,0.28089400568505524,0.2813913083497198,1,0.08507969254430385,0.28190586448232746,0.28137886364634623,2,3e-05
0.26616,0.08512166356388481,3.7110869932632795e-12,0.2813880478916037,0.2813880478953148,0.08515166356388482,0.2808975124750547,0.2813942720483295,1,0.08509166356388481,0.281908174546248,0.28138182602319334,2,3e-05
0.26616500000000004,0.08513363261539492,-6.721512235685623e-12,0.2813910107298392,0.2813910107231177,0.08516363261539492,0.280901017774574,0.2813972355367706,1,0.08510363261539491,0.28191048627740156,0.2813847881902812,2,3e-05
0.26617,0.08514559970218691,3.78747033735749e-12,0.2813939733377064,0.28139397334149385,0.08517559970218691,0.28090452154879375,0.28140019881557904,1,0.0851155997021869,0.2819127996233557,0.28138775014814754,2,3e-05
0.266175,0.08515756482314318,1.3907208717967023e-12,0.28139693574866453,0.28139693575005525,0.08518756482314319,0.2809080238339371,0.28140316188436704,1,0.08512756482314318,0.28191511461158275,0.28139071189640463,2,3e-05
0.26618,0.0851695279799402,-2.6173507805538065e-13,0.28139989794925324,0.2813998979489915,0.0851995279799402,0.28091152462181007,0.28140612474332743,1,0.08513952797994019,0.2819174312196886,0.28139367343524163,2,3e-05
0.266185,0.08518148917313664,-6.456724044312523e-12,0.2814028599447206,0.28140285993826386,0.08521148917313665,0.2809150239218908,0.28140908739241777,1,0.08515148917313664,0.281919749445257,0.281396634764618,2,3e-05
0.26619000000000004,0.085193448404409,-3.575306717351623e-12,0.28140582172163847,0.28140582171806316,0.085223448404409,0.2809185217259806,0.28141204983183,1,0.085163448404409,0.2819220692660546,0.28139959588472624,2,3e-05
0.266195,0.085205405674316,3.070044218844714e-12,0.28140878328527674,0.2814087832883468,0.085235405674316,0.2809220180435209,0.281415012061523,1,0.085175405674316,0.28192439067975106,0.28140255679552467,2,3e-05
0.2662,0.08521736098285765,-1.2025935802739696e-12,0.2814117446501643,0.2814117446489617,0.08524736098285765,0.28092551289274265,0.28141797408134095,1,0.08518736098285765,0.28192671369392125,0.2814055174968575,2,3e-05
0.266205,0.08522931433226912,6.664280238766196e-12,0.2814147057935488,0.2814147058002131,0.08525931433226912,0.2809290062565467,0.2814209358915917,1,0.08519931433226911,0.2819290382765751,0.2814084779890321,2,3e-05
0.26621,0.08524126572143285,-6.8267613784200876e-12,0.2814176667485395,0.28141766674171276,0.08527126572143286,0.28093249817068655,0.28142389749188773,1,0.08521126572143285,0.28193136445508893,0.2814114382716601,2,3e-05
0.26621500000000003,0.0852532151537016,1.7108536809473662e-13,0.2814206274738322,0.28142062747400326,0.0852832151537016,0.28093598860043767,0.2814268588827689,1,0.0852232151537016,0.28193369217787134,0.28141439834528115,2,3e-05
0.26622,0.08526516262795775,-5.736910946296803e-12,0.2814235880024303,0.28142358799669337,0.08529516262795775,0.28093947758145904,0.28142982006384726,1,0.08523516262795774,0.2819360214722868,0.2814173582095077,2,3e-05
0.26622500000000004,0.08527710814643652,-1.570632512937209e-12,0.2814265483116648,0.28142654831009417,0.08530710814643652,0.2809429650966186,0.2814327810354306,1,0.08524710814643652,0.2819383523066301,0.28142031786464833,2,3e-05
0.26623,0.08528905170913786,-1.876554467372671e-12,0.2814295084159247,0.2814295084140481,0.08531905170913787,0.28094645116388284,0.2814357417973635,1,0.08525905170913786,0.2819406846885797,0.2814232773105465,2,3e-05
0.266235,0.08530099331717939,-2.424560552327648e-12,0.2814324683110576,0.28143246830863305,0.08533099331717939,0.28094993578365024,0.28143870234972246,1,0.08527099331717938,0.28194301860617094,0.2814262365472788,2,3e-05
0.26624000000000003,0.08531293297167866,1.0044742815296104e-12,0.28143542799292076,0.28143542799392524,0.08534293297167866,0.280953418956278,0.2814416626925853,1,0.08528293297167866,0.28194535404750765,0.28142919557492274,2,3e-05
0.266245,0.08532487067263572,-6.039779787414545e-12,0.2814383874758078,0.281438387469768,0.08535487067263572,0.2809569006996013,0.2814446228257965,1,0.08529487067263572,0.2819476910202911,0.2814321543933213,2,3e-05
0.26625000000000004,0.08533680642228575,-6.527001161771295e-13,0.2814413467371259,0.2814413467364732,0.08536680642228575,0.2809603809964515,0.28144758274966425,1,0.08530680642228575,0.2819500294931423,0.28143511300278506,2,3e-05
0.266255,0.08534874022062867,2.7433055826975306e-12,0.281444305791139,0.2814443057938823,0.08537874022062868,0.2809638598646051,0.28145054246403384,1,0.08531874022062867,0.2819523694738052,0.28143807140315774,2,3e-05
0.26626,0.08536067206822333,-8.912870441690757e-13,0.2814472646428495,0.28144726464195824,0.08539067206822333,0.2809673373130277,0.2814535019688672,1,0.08533067206822333,0.2819547109602767,0.2814410295944006,2,3e-05
0.26626500000000003,0.08537260196674613,1.976308006135241e-12,0.2814502232789197,0.28145022328089603,0.08540260196674614,0.2809708133332565,0.2814564612643568,1,0.08534260196674613,0.28195705393108994,0.2814439875767076,2,3e-05
0.26627,0.08538452991675585,6.33215702094958e-12,0.2814531817043219,0.28145318171065403,0.08541452991675585,0.280974287934205,0.28145942035046473,1,0.08535452991675585,0.28195939838430517,0.2814469453500387,2,3e-05
0.26627500000000004,0.08539645591881129,7.138567514886063e-12,0.28145613992405705,0.2814561399311956,0.08542645591881129,0.2809777611247803,0.28146237922715234,1,0.08536645591881128,0.28196174431799875,0.2814499029143569,2,3e-05
0.26628,0.08540837997347117,-5.730416141602745e-13,0.28145909794305524,0.2814590979424822,0.08543837997347117,0.28098123291380334,0.28146533789438133,1,0.08537837997347117,0.28196409173023634,0.2814528602696223,2,3e-05
0.26628500000000005,0.08542030208241193,-3.267053294564448e-12,0.28146205574797356,0.2814620557447065,0.08545030208241193,0.28098470329274355,0.2814682963523455,1,0.08539030208241193,0.2819664405997627,0.28145581741602993,2,3e-05
0.26629,0.0854322222461924,-5.9076077363329205e-12,0.28146501334373836,0.28146501333783075,0.0854622222461924,0.28098817227039125,0.2814712546010069,1,0.0854022222461924,0.28196879092471744,0.2814587743535403,2,3e-05
0.266295,0.0854441404664889,5.001887792843718e-12,0.281467970717049,0.2814679707220509,0.08547414046648891,0.28099163983820724,0.2814742126405606,1,0.0854141404664889,0.28197114268396917,0.28146173108234923,2,3e-05
0.26630000000000004,0.08545605674218387,-3.1614155737713645e-12,0.28147092790013967,0.28147092789697825,0.08548605674218387,0.28099510603085076,0.28147717047061915,1,0.08542605674218387,0.2819734959046675,0.2814646876020688,2,3e-05
0.266305,0.08546797107551246,-7.629119558316688e-12,0.2814738848705538,0.2814738848629247,0.08549797107551246,0.2809985708310735,0.2814801280914938,1,0.08543797107551246,0.28197585055605795,0.28146764391300977,2,3e-05
0.26631000000000005,0.08547988346759229,-4.121203378559812e-12,0.28147684162409037,0.28147684161996916,0.0855098834675923,0.2810020342389104,0.28148308550326323,1,0.08544988346759229,0.2819782066267906,0.2814706000152511,2,3e-05
0.266315,0.08549179391842332,-6.723233081373792e-12,0.2814797981746798,0.28147979816795654,0.08552179391842332,0.28100549627162624,0.28148604270577354,1,0.08546179391842332,0.28198056412472217,0.281473555908639,2,3e-05
0.26632,0.0855037024302408,7.245037902947615e-12,0.2814827544999541,0.2814827545071991,0.0855337024302408,0.28100895691196737,0.2814889996993376,1,0.0854737024302408,0.2819829230193611,0.28147651159348414,2,3e-05
0.26632500000000003,0.08551560900192706,5.368872013633563e-12,0.2814857106319416,0.2814857106373105,0.08554560900192706,0.28101241619432477,0.28149195648356606,1,0.08548560900192706,0.28198528333778716,0.2814794670694004,2,3e-05
0.26633,0.08552751363459975,-7.972456028682018e-12,0.28148866656634286,0.2814886665583704,0.08555751363459975,0.2810158741185951,0.2814949130585402,1,0.08549751363459974,0.2819876450686851,0.28148242233646736,2,3e-05
0.26633500000000004,0.08553941633105278,-9.823253321883385e-13,0.2814916222717879,0.2814916222708056,0.08556941633105278,0.28101933065892737,0.2814978694246886,1,0.08550941633105277,0.28199000817215536,0.2814853773951124,2,3e-05
0.26634,0.0855513170907274,3.19122506198255e-12,0.28149457777115583,0.28149457777434705,0.0855813170907274,0.2810227858409764,0.28150082558174044,1,0.0855213170907274,0.28199237266570654,0.2814883322450657,2,3e-05
0.266345,0.08556321591418234,-2.219335826225688e-13,0.28149753306918035,0.2814975330689584,0.08559321591418234,0.2810262396731655,0.28150378152966077,1,0.08553321591418234,0.2819947385477166,0.28149128688629055,2,3e-05
0.26635000000000003,0.0855751128030941,2.2444823777334477e-12,0.28150048815259027,0.28150048815483475,0.0856051128030941,0.28102969214676665,0.28150673726864306,1,0.0855451128030941,0.28199710579751913,0.2814942413189835,2,3e-05
0.266355,0.08558700775746256,-3.2865377086466196e-12,0.2815034430351101,0.28150344303182356,0.08561700775746256,0.2810331432787106,0.28150969279853577,1,0.08555700775746256,0.28199947442307344,0.28149719554299035,2,3e-05
0.26636000000000004,0.08559890077952295,5.745404152435185e-12,0.28150639769449154,0.28150639770023694,0.08562890077952295,0.2810365930517049,0.28151264811965127,1,0.08556890077952295,0.2820018443943138,0.28150014955862407,2,3e-05
0.266365,0.08561079186815768,-2.687461364558885e-12,0.28150935216237716,0.2815093521596897,0.08564079186815768,0.28104004149967915,0.2815156032316055,1,0.08558079186815767,0.28200421573820134,0.28150310336549905,2,3e-05
0.26637000000000005,0.08562268102560193,-6.014133635545704e-12,0.28151230641650915,0.281512306410495,0.08565268102560193,0.2810434886052963,0.2815185581347092,1,0.08559268102560193,0.28200658842474885,0.2815060569639285,2,3e-05
0.26637500000000003,0.08563456825297325,1.0519363158323358e-13,0.28151526045262787,0.28151526045273306,0.08566456825297325,0.28104693436831935,0.28152151282904375,1,0.08560456825297325,0.2820089624430205,0.28150901035399134,2,3e-05
0.26638,0.0856464535502717,1.9083623570281816e-12,0.28151821428434254,0.2815182142862509,0.0856764535502717,0.28105037880548206,0.2815244673144576,1,0.0856164535502717,0.2820113378010288,0.28151196353553637,2,3e-05
0.26638500000000004,0.0856583369186148,3.7789216200678766e-12,0.2815211679073505,0.2815211679111294,0.0856883369186148,0.28105382191647016,0.28152742159102984,1,0.0856283369186148,0.28201371448786183,0.28151491650864313,2,3e-05
0.26639,0.08567021835800262,-7.972345006379555e-12,0.28152412133518884,0.2815241213272165,0.08570021835800262,0.2810572637179121,0.2815303756586085,1,0.08564021835800262,0.28201609251150517,0.28151786927316047,2,3e-05
0.26639500000000005,0.08568209787178782,7.19141413085822e-12,0.28152707452786596,0.2815270745350574,0.08571209787178782,0.28106070417552287,0.2815333295177412,1,0.08565209787178782,0.2820184718234511,0.28152082182963295,2,3e-05
0.2664,0.08569397545773538,-5.287437154777308e-13,0.2815300275345648,0.28153002753403605,0.08572397545773539,0.28106414333981183,0.28153628316780954,1,0.08566397545773538,0.28202085246937586,0.28152377417744484,2,3e-05
