Omega_over_gamma,Delta_over_gamma_fixed,dipolar_gap_exact_cubic_over_gamma,dipolar_gap_numeric_block_over_gamma,strong_drive_asymptote_over_gamma,abs_difference_exact_minus_numeric
0.005,0.18,4.426647582239764e-05,4.4266475822397535e-05,0.25,1.0842021724855044e-19
0.00749375,0.18,9.944209624397185e-05,9.944209624397214e-05,0.25,2.981555974335137e-19
0.0099875,0.18,0.00017665955875642195,0.00017665955875642217,0.25,2.168404344971009e-19
0.012481250000000001,0.18,0.0002759346109969267,0.00027593461099692724,0.25,5.421010862427522e-19
0.014975000000000002,0.18,0.0003972875183822328,0.00039728751838223305,0.25,2.710505431213761e-19
0.01746875,0.18,0.0005407430828204253,0.0005407430828204251,0.25,2.168404344971009e-19
0.0199625,0.18,0.0007063306656522884,0.0007063306656522885,0.25,1.0842021724855044e-19
0.022456250000000004,0.18,0.0008940842148682322,0.0008940842148682298,0.25,2.3852447794681098e-18
0.024950000000000003,0.18,0.001104042296655472,0.0011040422966554697,0.25,2.3852447794681098e-18
0.027443750000000003,0.18,0.0013362481313390477,0.0013362481313390511,0.25,3.469446951953614e-18
0.029937500000000002,0.18,0.0015907496337893882,0.0015907496337893901,0.25,1.951563910473908e-18
0.03243125,0.18,0.0018675994583784526,0.0018675994583784532,0.25,6.505213034913027e-19
0.034925000000000005,0.18,0.002166855048576161,0.0021668550485761553,0.25,5.637851296924623e-18
0.03741875,0.18,0.0024885786912887215,0.0024885786912887215,0.25,0.0
0.039912500000000004,0.18,0.002832837576050823,0.0028328375760508233,0.25,4.336808689942018e-19
0.04240625,0.18,0.0031997038591942534,0.0031997038591942578,0.25,4.336808689942018e-18
0.0449,0.18,0.003589254733126708,0.0035892547331267087,0.25,8.673617379884035e-19
0.047393750000000005,0.18,0.004001572500866034,0.004001572500866038,0.25,4.336808689942018e-18
0.0498875,0.18,0.004436744655987331,0.004436744655987339,0.25,8.673617379884035e-18
0.052381250000000004,0.18,0.004894863968152846,0.004894863968152856,0.25,9.540979117872439e-18
0.054875,0.18,0.005376028574407969,0.005376028574407962,0.25,6.938893903907228e-18
0.05736875,0.18,0.005880342076440454,0.0058803420764404375,0.25,1.6479873021779667e-17
0.059862500000000006,0.18,0.006407913644014582,0.006407913644014574,0.25,7.806255641895632e-18
0.06235625,0.18,0.006958858124807476,0.006958858124807479,0.25,2.6020852139652106e-18
0.06485,0.18,0.007533296160890814,0.007533296160890823,0.25,9.540979117872439e-18
0.06734375000000001,0.18,0.00813135431211849,0.008131354312118477,0.25,1.214306433183765e-17
0.06983750000000001,0.18,0.008753165186698674,0.008753165186698705,0.25,3.122502256758253e-17
0.07233125000000001,0.18,0.009398867579248016,0.009398867579247964,0.25,5.204170427930421e-17
0.07482500000000002,0.18,0.010068606616645858,0.010068606616645827,0.25,3.122502256758253e-17
0.07731875000000002,0.18,0.010762533912027916,0.010762533912027888,0.25,2.7755575615628914e-17
0.07981250000000001,0.18,0.011480807727281526,0.011480807727281515,0.25,1.0408340855860843e-17
0.08230625000000001,0.18,0.012223593144428979,0.012223593144429012,0.25,3.2959746043559335e-17
0.08480000000000001,0.18,0.012991062246310886,0.012991062246310886,0.25,0.0
0.08729375000000002,0.18,0.01378339430700917,0.013783394307009145,0.25,2.6020852139652106e-17
0.08978750000000002,0.18,0.01460077599247816,0.014600775992478178,0.25,1.734723475976807e-17
0.09228125000000001,0.18,0.015443401571883304,0.015443401571883321,0.25,1.734723475976807e-17
0.09477500000000001,0.18,0.01631147314018026,0.01631147314018031,0.25,4.85722573273506e-17
0.09726875000000001,0.18,0.017205200852501972,0.017205200852502014,0.25,4.163336342344337e-17
0.09976250000000002,0.18,0.018124803170959207,0.01812480317095913,0.25,7.632783294297951e-17
0.10225625000000002,0.18,0.019070507124499994,0.019070507124500063,0.25,6.938893903907228e-17
0.10475000000000001,0.18,0.02004254858251637,0.020042548582516414,0.25,4.5102810375396984e-17
0.10724375000000001,0.18,0.0210411725429321,0.02104117254293211,0.25,1.0408340855860843e-17
0.10973750000000002,0.18,0.022066633435554595,0.02206663343555459,0.25,3.469446951953614e-18
0.11223125000000002,0.18,0.023119195441525835,0.023119195441525835,0.25,0.0
0.11472500000000002,0.18,0.024199132829763118,0.02419913282976317,0.25,5.204170427930421e-17
0.11721875000000002,0.18,0.02530673031134036,0.02530673031134041,0.25,5.204170427930421e-17
0.11971250000000001,0.18,0.02644228341282395,0.026442283412824043,0.25,9.367506770274758e-17
0.12220625000000002,0.18,0.027606098869646017,0.02760609886964604,0.25,2.42861286636753e-17
0.12470000000000002,0.18,0.028798495040670134,0.02879849504067018,0.25,4.5102810375396984e-17
0.12719375000000002,0.18,0.03001980234518344,0.03001980234518343,0.25,1.0408340855860843e-17
0.1296875,0.18,0.031270363723631504,0.031270363723631525,0.25,2.0816681711721685e-17
0.13218125000000003,0.18,0.03255053512350243,0.03255053512350249,0.25,6.245004513516506e-17
0.13467500000000002,0.18,0.03386068601186072,0.03386068601186071,0.25,1.3877787807814457e-17
0.13716875000000003,0.18,0.03520119991613456,0.035201199916134594,0.25,3.469446951953614e-17
0.13966250000000002,0.18,0.03657247499486715,0.03657247499486715,0.25,0.0
0.14215625,0.18,0.03797492464025966,0.03797492464025974,0.25,8.326672684688674e-17
0.14465000000000003,0.18,0.03940897811445588,0.03940897811445592,0.25,4.163336342344337e-17
0.14714375000000002,0.18,0.04087508122165031,0.04087508122165041,0.25,9.71445146547012e-17
0.14963750000000003,0.18,0.04237369701824039,0.04237369701824043,0.25,4.163336342344337e-17
0.15213125000000002,0.18,0.043905306563391616,0.04390530656339165,0.25,3.469446951953614e-17
0.154625,0.18,0.04547040971254129,0.04547040971254125,0.25,4.163336342344337e-17
0.15711875000000003,0.18,0.04706952595653039,0.04706952595653039,0.25,0.0
0.15961250000000002,0.18,0.048703195309228973,0.048703195309228994,0.25,2.0816681711721685e-17
0.16210625000000004,0.18,0.05037197924670132,0.05037197924670132,0.25,0.0
0.16460000000000002,0.18,0.0520764617011481,0.05207646170114807,0.25,3.469446951953614e-17
0.16709375,0.18,0.05381725011306098,0.05381725011306095,0.25,2.7755575615628914e-17
0.16958750000000003,0.18,0.055594976545228304,0.055594976545228235,0.25,6.938893903907228e-17
0.17208125000000002,0.18,0.057410298862438924,0.0574102988624389,0.25,2.7755575615628914e-17
0.17457500000000004,0.18,0.05926390198094319,0.05926390198094311,0.25,7.632783294297951e-17
0.17706875000000002,0.18,0.06115649919193853,0.061156499191938545,0.25,1.3877787807814457e-17
0.1795625,0.18,0.06308883356355395,0.06308883356355405,0.25,9.71445146547012e-17
0.18205625000000003,0.18,0.06506167942600197,0.0650616794260019,0.25,6.938893903907228e-17
0.18455000000000002,0.18,0.06707584394474525,0.06707584394474525,0.25,0.0
0.18704375000000004,0.18,0.06913216878667819,0.06913216878667817,0.25,1.3877787807814457e-17
0.18953750000000003,0.18,0.07123153188443833,0.07123153188443837,0.25,4.163336342344337e-17
0.19203125000000001,0.18,0.07337484930402599,0.07337484930402587,0.25,1.249000902703301e-16
0.19452500000000003,0.18,0.07556307722090409,0.07556307722090407,0.25,2.7755575615628914e-17
0.19701875000000002,0.18,0.07779721400964841,0.07779721400964852,0.25,1.1102230246251565e-16
0.19951250000000004,0.18,0.08007830245199458,0.08007830245199454,0.25,4.163336342344337e-17
0.20200625000000003,0.18,0.08240743206774087,0.08240743206774077,0.25,9.71445146547012e-17
0.20450000000000002,0.18,0.08478574157237265,0.08478574157237266,0.25,1.3877787807814457e-17
0.20699375000000003,0.18,0.08721442146440885,0.08721442146440898,0.25,1.3877787807814457e-16
0.20948750000000002,0.18,0.0896947167442644,0.08969471674426445,0.25,5.551115123125783e-17
0.21198125000000004,0.18,0.09222792976477712,0.0922279297647772,0.25,8.326672684688674e-17
0.21447500000000003,0.18,0.0948154232113441,0.09481542321134412,0.25,1.3877787807814457e-17
0.21696875000000004,0.18,0.09745862320670338,0.09745862320670355,0.25,1.6653345369377348e-16
0.21946250000000003,0.18,0.10015902253159588,0.10015902253159584,0.25,4.163336342344337e-17
0.22195625000000002,0.18,0.10291818394760972,0.10291818394760993,0.25,2.0816681711721685e-16
0.22445000000000004,0.18,0.1057377436021592,0.10573774360215928,0.25,6.938893903907228e-17
0.22694375000000003,0.18,0.10861941448740434,0.10861941448740435,0.25,1.3877787807814457e-17
0.22943750000000004,0.18,0.11156498991452561,0.11156498991452558,0.25,2.7755575615628914e-17
0.23193125000000003,0.18,0.11457634695154108,0.1145763469515412,0.25,1.249000902703301e-16
0.23442500000000002,0.18,0.11765544975608377,0.11765544975608368,0.25,9.71445146547012e-17
0.23691875000000004,0.18,0.12080435271334959,0.12080435271334981,0.25,2.220446049250313e-16
0.23941250000000003,0.18,0.1240252032626506,0.12402520326265057,0.25,2.7755575615628914e-17
0.24190625000000004,0.18,0.12732024426232455,0.1273202442623245,0.25,5.551115123125783e-17
0.24440000000000003,0.18,0.1306918157004375,0.13069181570043756,0.25,5.551115123125783e-17
0.24689375000000002,0.18,0.13414235550572343,0.1341423555057235,0.25,8.326672684688674e-17
0.24938750000000004,0.18,0.13767439914702473,0.1376743991470247,0.25,2.7755575615628914e-17
0.25188125,0.18,0.14129057762714198,0.14129057762714195,0.25,2.7755575615628914e-17
0.254375,0.18,0.14499361337493,0.14499361337492997,0.25,2.7755575615628914e-17
0.25686875000000003,0.18,0.14878631341363555,0.14878631341363555,0.25,0.0
0.25936250000000005,0.18,0.15267155902934898,0.15267155902934892,0.25,5.551115123125783e-17
0.26185625,0.18,0.15665229097623118,0.15665229097623104,0.25,1.3877787807814457e-16
0.26435000000000003,0.18,0.16073148903028744,0.16073148903028728,0.25,1.6653345369377348e-16
0.26684375000000005,0.18,0.16491214443717414,0.1649121444371742,0.25,5.551115123125783e-17
0.26933750000000006,0.18,0.16919722349039407,0.16919722349039426,0.25,1.942890293094024e-16
0.27183125,0.18,0.17358962012710108,0.1735896201271013,0.25,2.220446049250313e-16
0.27432500000000004,0.18,0.17809209505004897,0.17809209505004914,0.25,1.6653345369377348e-16
0.27681875000000006,0.18,0.18270719849878803,0.18270719849878816,0.25,1.3877787807814457e-16
0.2793125,0.18,0.18743717344311908,0.18743717344311922,0.25,1.3877787807814457e-16
0.28180625000000004,0.18,0.19228383572746446,0.1922838357274642,0.25,2.7755575615628914e-16
0.28430000000000005,0.18,0.1972484276663672,0.1972484276663673,0.25,1.1102230246251565e-16
0.28679375,0.18,0.202331441941015,0.20233144194101493,0.25,5.551115123125783e-17
0.28928750000000003,0.18,0.2075324135988341,0.20753241359883412,0.25,2.7755575615628914e-17
0.29178125000000005,0.18,0.21284967980091918,0.21284967980091932,0.25,1.3877787807814457e-16
0.29427500000000006,0.18,0.2182801100283854,0.2182801100283857,0.25,3.0531133177191805e-16
0.29676875,0.18,0.2238188140710194,0.22381881407101875,0.25,6.38378239159465e-16
0.29926250000000004,0.18,0.22945884147890336,0.22945884147890339,0.25,2.7755575615628914e-17
0.30175625000000006,0.18,0.23519089414959374,0.23519089414959338,0.25,3.608224830031759e-16
0.30425,0.18,0.24100308267901996,0.24100308267902026,0.25,3.0531133177191805e-16
0.30674375000000004,0.18,0.2468807655330056,0.24688076553300586,0.25,2.7755575615628914e-16
0.30923750000000005,0.18,0.2528065155584743,0.25280651555847383,0.25,4.440892098500626e-16
0.31173125,0.18,0.25876025767447536,0.2587602576744755,0.25,1.6653345369377348e-16
0.31422500000000003,0.18,0.2647196116263168,0.2647196116263167,0.25,1.1102230246251565e-16
0.31671875000000005,0.18,0.27066045272021566,0.2706604527202158,0.25,1.6653345369377348e-16
0.31921250000000007,0.18,0.2765576727530393,0.27655767275303966,0.25,3.885780586188048e-16
0.32170625,0.18,0.28238608817341637,0.28238608817341654,0.25,1.6653345369377348e-16
0.32420000000000004,0.18,0.28812141149293147,0.288121411492932,0.25,5.551115123125783e-16
0.32669375000000006,0.18,0.2937411844901903,0.2937411844901901,0.25,2.220446049250313e-16
0.3291875,0.18,0.2992255741372831,0.2992255741372837,0.25,5.551115123125783e-16
0.33168125000000004,0.18,0.30455795465152297,0.304557954651523,0.25,5.551115123125783e-17
0.33417500000000006,0.18,0.3097252353602399,0.30972523536023966,0.25,2.220446049250313e-16
0.33666875000000007,0.18,0.314717933998691,0.3147179339986911,0.25,5.551115123125783e-17
0.33916250000000003,0.18,0.31953002872466885,0.31953002872466907,0.25,2.220446049250313e-16
0.34165625000000005,0.18,0.32415864327265903,0.3241586432726594,0.25,3.885780586188048e-16
0.34415000000000007,0.18,0.3286036268970594,0.3286036268970598,0.25,3.885780586188048e-16
0.34664375000000003,0.18,0.33286708658891684,0.33286708658891667,0.25,1.6653345369377348e-16
0.34913750000000005,0.18,0.3315235410529529,0.3315235410529529,0.25,0.0
0.35163125000000006,0.18,0.3295668165547049,0.32956681655470477,0.25,1.1102230246251565e-16
0.354125,0.18,0.3276931786332284,0.3276931786332285,0.25,1.1102230246251565e-16
0.35661875000000004,0.18,0.3258992052784123,0.3258992052784122,0.25,1.1102230246251565e-16
0.35911250000000006,0.18,0.32418129105827587,0.3241812910582758,0.25,5.551115123125783e-17
0.3616062500000001,0.18,0.32253575301351234,0.3225357530135122,0.25,1.1102230246251565e-16
0.36410000000000003,0.18,0.3209589117351939,0.32095891173519403,0.25,1.1102230246251565e-16
0.36659375000000005,0.18,0.3194471514340052,0.31944715143400554,0.25,3.3306690738754696e-16
0.36908750000000007,0.18,0.31799696279597917,0.3179969627959787,0.25,4.440892098500626e-16
0.37158125000000003,0.18,0.3166049721083376,0.3166049721083378,0.25,2.220446049250313e-16
0.37407500000000005,0.18,0.31526795968739696,0.3152679596873964,0.25,5.551115123125783e-16
0.37656875000000006,0.18,0.31398287014973847,0.313982870149738,0.25,4.440892098500626e-16
0.3790625,0.18,0.31274681659712833,0.3127468165971279,0.25,4.440892098500626e-16
0.38155625000000004,0.18,0.3115570803647272,0.3115570803647265,0.25,6.661338147750939e-16
0.38405000000000006,0.18,0.31041110762273727,0.31041110762273755,0.25,2.7755575615628914e-16
0.3865437500000001,0.18,0.30930650382435076,0.3093065038243504,0.25,3.885780586188048e-16
0.38903750000000004,0.18,0.30824102675275544,0.3082410267527551,0.25,3.3306690738754696e-16
0.39153125000000005,0.18,0.3072125787296467,0.30721257872964675,0.25,5.551115123125783e-17
0.39402500000000007,0.18,0.30621919839893064,0.30621919839893075,0.25,1.1102230246251565e-16
0.39651875000000003,0.18,0.3052590523845982,0.3052590523845983,0.25,5.551115123125783e-17
0.39901250000000005,0.18,0.30433042703420243,0.3043304270342027,0.25,2.7755575615628914e-16
0.40150625000000006,0.18,0.303431720393247,0.30343172039324645,0.25,5.551115123125783e-16
0.404,0.18,0.30256143450635864,0.30256143450635864,0.25,0.0
0.40649375000000004,0.18,0.30171816810459073,0.3017181681045906,0.25,1.1102230246251565e-16
0.40898750000000006,0.18,0.3009006097114586,0.30090060971145804,0.25,5.551115123125783e-16
0.4114812500000001,0.18,0.30010753118111266,0.30010753118111205,0.25,6.106226635438361e-16
0.41397500000000004,0.18,0.29933778166843983,0.29933778166843966,0.25,1.6653345369377348e-16
0.41646875000000005,0.18,0.29859028202150273,0.2985902820215024,0.25,3.3306690738754696e-16
0.41896250000000007,0.18,0.297864019580471,0.2978640195804711,0.25,1.1102230246251565e-16
0.42145625000000003,0.18,0.2971580433632708,0.2971580433632705,0.25,2.7755575615628914e-16
0.42395000000000005,0.18,0.296471459615876,0.29647145961587545,0.25,5.551115123125783e-16
0.42644375000000007,0.18,0.29580342770414136,0.29580342770414136,0.25,0.0
0.4289375000000001,0.18,0.2951531563238502,0.2951531563238499,0.25,2.7755575615628914e-16
0.43143125000000004,0.18,0.2945199000060347,0.29451990000603434,0.25,3.3306690738754696e-16
0.43392500000000006,0.18,0.2939029558954399,0.29390295589543963,0.25,2.7755575615628914e-16
0.4364187500000001,0.18,0.29330166078101194,0.2933016607810119,0.25,5.551115123125783e-17
0.43891250000000004,0.18,0.29271538835850475,0.29271538835850475,0.25,0.0
0.44140625000000006,0.18,0.2921435467065547,0.2921435467065546,0.25,5.551115123125783e-17
0.4439000000000001,0.18,0.29158557595887297,0.2915855759588731,0.25,1.1102230246251565e-16
0.44639375000000003,0.18,0.2910409461564738,0.29104094615647325,0.25,5.551115123125783e-16
0.44888750000000005,0.18,0.29050915526508836,0.2905091552650882,0.25,1.6653345369377348e-16
0.45138125000000007,0.18,0.2899897273441128,0.2899897273441135,0.25,6.661338147750939e-16
0.4538750000000001,0.18,0.2894822108545244,0.2894822108545245,0.25,1.1102230246251565e-16
0.45636875000000005,0.18,0.28898617709426,0.2889861770942593,0.25,7.216449660063518e-16
0.45886250000000006,0.18,0.2885012187505287,0.28850121875052886,0.25,1.6653345369377348e-16
0.4613562500000001,0.18,0.28802694855941374,0.2880269485594139,0.25,1.6653345369377348e-16
0.46385000000000004,0.18,0.28756299806393804,0.2875629980639376,0.25,4.440892098500626e-16
0.46634375000000006,0.18,0.2871090164625584,0.2871090164625581,0.25,2.7755575615628914e-16
0.4688375000000001,0.18,0.2866646695407271,0.28666466954072706,0.25,5.551115123125783e-17
0.47133125000000003,0.18,0.2862296386788017,0.2862296386788015,0.25,1.6653345369377348e-16
0.47382500000000005,0.18,0.2858036199301648,0.28580361993016473,0.25,5.551115123125783e-17
0.47631875000000007,0.18,0.28538632316395873,0.2853863231639589,0.25,1.6653345369377348e-16
0.4788125000000001,0.18,0.2849774712673069,0.2849774712673067,0.25,1.6653345369377348e-16
0.48130625000000005,0.18,0.28457679940234337,0.28457679940234315,0.25,2.220446049250313e-16
0.48380000000000006,0.18,0.2841840543137811,0.2841840543137804,0.25,6.661338147750939e-16
0.4862937500000001,0.18,0.28379899368309497,0.2837989936830945,0.25,4.440892098500626e-16
0.48878750000000004,0.18,0.2834213855257479,0.2834213855257475,0.25,3.885780586188048e-16
0.49128125000000006,0.18,0.2830510076281809,0.28305100762818003,0.25,8.881784197001252e-16
0.4937750000000001,0.18,0.2826876470215586,0.28268764702155796,0.25,6.106226635438361e-16
0.4962687500000001,0.18,0.2823310994895345,0.28233109948953444,0.25,5.551115123125783e-17
0.49876250000000005,0.18,0.2819811691074957,0.28198116910749627,0.25,5.551115123125783e-16
0.5012562500000001,0.18,0.2816376678109809,0.28163766781098093,0.25,5.551115123125783e-17
0.50375,0.18,0.28130041499114145,0.28130041499114145,0.25,0.0
0.5062437500000001,0.18,0.28096923711530025,0.2809692371153004,0.25,1.6653345369377348e-16
0.5087375000000001,0.18,0.28064396737080516,0.28064396737080505,0.25,1.1102230246251565e-16
0.51123125,0.18,0.28032444533052153,0.2803244453305216,0.25,5.551115123125783e-17
0.5137250000000001,0.18,0.28001051663845605,0.28001051663845616,0.25,1.1102230246251565e-16
0.5162187500000001,0.18,0.27970203271409744,0.2797020327140973,0.25,1.1102230246251565e-16
0.5187125,0.18,0.27939885047418667,0.27939885047418656,0.25,1.1102230246251565e-16
0.5212062500000001,0.18,0.27910083207073016,0.27910083207073005,0.25,1.1102230246251565e-16
0.5237,0.18,0.27880784464414915,0.2788078446441483,0.25,8.326672684688674e-16
0.52619375,0.18,0.27851976009054613,0.27851976009054624,0.25,1.1102230246251565e-16
0.5286875000000001,0.18,0.27823645484216686,0.2782364548421668,0.25,5.551115123125783e-17
0.53118125,0.18,0.27795780966016304,0.2779578096601627,0.25,3.3306690738754696e-16
0.5336750000000001,0.18,0.27768370943887144,0.27768370943887133,0.25,1.1102230246251565e-16
0.5361687500000001,0.18,0.2774140430208594,0.27741404302085954,0.25,1.1102230246251565e-16
0.5386625,0.18,0.2771487030220408,0.2771487030220414,0.25,6.106226635438361e-16
0.5411562500000001,0.18,0.2768875856662302,0.2768875856662302,0.25,0.0
0.5436500000000001,0.18,0.27663059062853057,0.27663059062853096,0.25,3.885780586188048e-16
0.54614375,0.18,0.27637762088702056,0.27637762088702017,0.25,3.885780586188048e-16
0.5486375000000001,0.18,0.2761285825822025,0.2761285825822025,0.25,0.0
0.5511312500000001,0.18,0.2758833848837653,0.2758833848837651,0.25,1.6653345369377348e-16
0.553625,0.18,0.2756419398641873,0.27564193986418684,0.25,4.440892098500626e-16
0.5561187500000001,0.18,0.2754041623787905,0.2754041623787911,0.25,6.106226635438361e-16
0.5586125000000001,0.18,0.2751699699518545,0.2751699699518544,0.25,1.1102230246251565e-16
0.56110625,0.18,0.27493928266841505,0.2749392826684145,0.25,5.551115123125783e-16
0.5636000000000001,0.18,0.27471202307144427,0.2747120230714443,0.25,5.551115123125783e-17
0.5660937500000001,0.18,0.27448811606407497,0.27448811606407514,0.25,1.6653345369377348e-16
0.5685875,0.18,0.27426748881658364,0.27426748881658325,0.25,3.885780586188048e-16
0.5710812500000001,0.18,0.274050070677865,0.2740500706778653,0.25,2.7755575615628914e-16
0.5735750000000001,0.18,0.2738357930911468,0.27383579309114686,0.25,5.551115123125783e-17
0.5760687500000001,0.18,0.2736245895136869,0.2736245895136868,0.25,1.1102230246251565e-16
0.5785625000000001,0.18,0.27341639534025675,0.27341639534025625,0.25,4.996003610813204e-16
0.58105625,0.18,0.2732111478301824,0.2732111478301825,0.25,1.1102230246251565e-16
0.5835500000000001,0.18,0.27300878603776,0.2730087860377597,0.25,3.3306690738754696e-16
0.5860437500000001,0.18,0.27280925074584933,0.2728092507458494,0.25,5.551115123125783e-17
0.5885375,0.18,0.2726124844024924,0.27261248440249203,0.25,3.885780586188048e-16
0.5910312500000001,0.18,0.27241843106037433,0.2724184310603741,0.25,2.220446049250313e-16
0.5935250000000001,0.18,0.2722270363189963,0.27222703631899614,0.25,1.6653345369377348e-16
0.59601875,0.18,0.2720382472693984,0.2720382472693979,0.25,4.996003610813204e-16
0.5985125000000001,0.18,0.27185201244131546,0.27185201244131535,0.25,1.1102230246251565e-16
0.6010062500000001,0.18,0.2716682817526309,0.271668281752631,0.25,1.1102230246251565e-16
0.6035,0.18,0.27148700646101165,0.2714870064610117,0.25,5.551115123125783e-17
0.6059937500000001,0.18,0.27130813911761564,0.2713081391176154,0.25,2.220446049250313e-16
0.6084875000000001,0.18,0.2711316335227638,0.27113163352276365,0.25,1.6653345369377348e-16
0.61098125,0.18,0.2709574446834825,0.2709574446834829,0.25,3.885780586188048e-16
0.6134750000000001,0.18,0.27078552877281803,0.2707855287728181,0.25,5.551115123125783e-17
0.6159687500000001,0.18,0.2706158430908382,0.27061584309083764,0.25,5.551115123125783e-16
0.6184625,0.18,0.27044834602723794,0.27044834602723805,0.25,1.1102230246251565e-16
0.6209562500000001,0.18,0.27028299702547653,0.27028299702547653,0.25,0.0
0.6234500000000001,0.18,0.2701197565483573,0.2701197565483575,0.25,2.220446049250313e-16
0.6259437500000001,0.18,0.269958586044999,0.2699585860449991,0.25,1.1102230246251565e-16
0.6284375000000001,0.18,0.26979944791911925,0.269799447919119,0.25,2.7755575615628914e-16
0.63093125,0.18,0.2696423054985758,0.26964230549857576,0.25,5.551115123125783e-17
0.6334250000000001,0.18,0.2694871230061038,0.26948712300610383,0.25,5.551115123125783e-17
0.6359187500000001,0.18,0.2693338655311902,0.26933386553119065,0.25,4.440892098500626e-16
0.6384125,0.18,0.2691824990030425,0.26918249900304236,0.25,1.1102230246251565e-16
0.6409062500000001,0.18,0.2690329901645867,0.2690329901645858,0.25,8.881784197001252e-16
0.6434000000000001,0.18,0.26888530654746307,0.26888530654746307,0.25,0.0
0.64589375,0.18,0.26873941644797017,0.2687394164479695,0.25,6.661338147750939e-16
0.6483875000000001,0.18,0.2685952889038998,0.2685952889038996,0.25,1.6653345369377348e-16
0.6508812500000001,0.18,0.26845289367225095,0.2684528936722508,0.25,1.6653345369377348e-16
0.653375,0.18,0.2683122012077571,0.2683122012077575,0.25,3.885780586188048e-16
0.6558687500000001,0.18,0.2681731826422112,0.26817318264221046,0.25,7.216449660063518e-16
0.6583625000000001,0.18,0.26803580976453434,0.26803580976453417,0.25,1.6653345369377348e-16
0.66085625,0.18,0.2679000550015803,0.26790005500158065,0.25,3.3306690738754696e-16
0.6633500000000001,0.18,0.2677658913996205,0.26776589139962,0.25,4.996003610813204e-16
0.6658437500000001,0.18,0.2676332926064907,0.2676332926064908,0.25,1.1102230246251565e-16
0.6683375000000001,0.18,0.2675022328543788,0.2675022328543788,0.25,0.0
0.6708312500000001,0.18,0.2673726869432105,0.26737268694321076,0.25,2.7755575615628914e-16
0.6733250000000001,0.18,0.26724463022462136,0.2672446302246216,0.25,2.220446049250313e-16
0.6758187500000001,0.18,0.2671180385864838,0.2671180385864838,0.25,0.0
0.6783125000000001,0.18,0.26699288843796853,0.2669928884379686,0.25,5.551115123125783e-17
0.6808062500000001,0.18,0.266869156695119,0.2668691566951192,0.25,1.6653345369377348e-16
0.6833000000000001,0.18,0.2667468207669169,0.26674682076691736,0.25,4.440892098500626e-16
0.6857937500000001,0.18,0.26662585854181864,0.26662585854181825,0.25,3.885780586188048e-16
0.6882875,0.18,0.26650624837474185,0.26650624837474146,0.25,3.885780586188048e-16
0.6907812500000001,0.18,0.26638796907449314,0.26638796907449314,0.25,0.0
0.6932750000000001,0.18,0.26627099989160585,0.26627099989160596,0.25,1.1102230246251565e-16
0.69576875,0.18,0.26615532050658264,0.26615532050658186,0.25,7.771561172376096e-16
0.6982625000000001,0.18,0.26604091101852023,0.26604091101851984,0.25,3.885780586188048e-16
0.7007562500000001,0.18,0.2659277519341066,0.26592775193410667,0.25,5.551115123125783e-17
0.70325,0.18,0.2658158241569767,0.26581582415697647,0.25,2.220446049250313e-16
0.7057437500000001,0.18,0.2657051089773987,0.2657051089773984,0.25,2.7755575615628914e-16
0.7082375000000001,0.18,0.265595588062304,0.26559558806230377,0.25,2.220446049250313e-16
0.71073125,0.18,0.26548724344562435,0.2654872434456246,0.25,2.220446049250313e-16
0.7132250000000001,0.18,0.26538005751893556,0.2653800575189359,0.25,3.3306690738754696e-16
0.7157187500000001,0.18,0.2652740130223951,0.26527401302239534,0.25,2.220446049250313e-16
0.7182125000000001,0.18,0.26516909303596126,0.26516909303596164,0.25,3.885780586188048e-16
0.7207062500000001,0.18,0.2650652809708858,0.26506528097088566,0.25,1.1102230246251565e-16
0.7232000000000001,0.18,0.26496256056146295,0.26496256056146306,0.25,1.1102230246251565e-16
0.7256937500000001,0.18,0.26486091585704075,0.2648609158570405,0.25,2.220446049250313e-16
0.7281875000000001,0.18,0.26476033121426146,0.2647603312142617,0.25,2.220446049250313e-16
0.7306812500000001,0.18,0.2646607912895518,0.26466079128955144,0.25,3.3306690738754696e-16
0.7331750000000001,0.18,0.2645622810318231,0.26456228103182317,0.25,5.551115123125783e-17
0.7356687500000001,0.18,0.26446478567540427,0.26446478567540377,0.25,4.996003610813204e-16
0.7381625,0.18,0.2643682907331708,0.26436829073317003,0.25,7.771561172376096e-16
0.7406562500000001,0.18,0.26427278198988857,0.2642727819898888,0.25,2.220446049250313e-16
0.7431500000000001,0.18,0.2641782454957453,0.26417824549574526,0.25,5.551115123125783e-17
0.74564375,0.18,0.2640846675600713,0.2640846675600715,0.25,1.6653345369377348e-16
0.7481375000000001,0.18,0.2639920347452466,0.26399203474524674,0.25,1.6653345369377348e-16
0.7506312500000001,0.18,0.26390033386078016,0.2639003338607798,0.25,3.3306690738754696e-16
0.753125,0.18,0.26380955195755795,0.26380955195755784,0.25,1.1102230246251565e-16
0.7556187500000001,0.18,0.26371967632226073,0.2637196763222608,0.25,5.551115123125783e-17
0.7581125000000001,0.18,0.263630694471933,0.2636306944719334,0.25,3.885780586188048e-16
0.7606062500000002,0.18,0.263542594148711,0.2635425941487107,0.25,3.3306690738754696e-16
0.7631000000000001,0.18,0.26345536331469227,0.26345536331469227,0.25,0.0
0.7655937500000001,0.18,0.2633689901469573,0.2633689901469569,0.25,3.885780586188048e-16
0.7680875000000001,0.18,0.26328346303271855,0.26328346303271827,0.25,2.7755575615628914e-16
0.7705812500000001,0.18,0.26319877056461366,0.26319877056461355,0.25,1.1102230246251565e-16
0.7730750000000001,0.18,0.2631149015361187,0.2631149015361189,0.25,1.6653345369377348e-16
0.7755687500000001,0.18,0.26303184493709464,0.2630318449370949,0.25,2.7755575615628914e-16
0.7780625000000001,0.18,0.2629495899494487,0.2629495899494479,0.25,8.326672684688674e-16
0.7805562500000001,0.18,0.2628681259429124,0.2628681259429124,0.25,0.0
0.7830500000000001,0.18,0.26278744247094366,0.26278744247094343,0.25,2.220446049250313e-16
0.7855437500000001,0.18,0.2627075292667219,0.26270752926672203,0.25,1.1102230246251565e-16
0.7880375000000001,0.18,0.2626283762392638,0.26262837623926416,0.25,3.3306690738754696e-16
0.7905312500000001,0.18,0.2625499734696336,0.262549973469634,0.25,3.885780586188048e-16
0.7930250000000001,0.18,0.26247231120725634,0.26247231120725617,0.25,1.6653345369377348e-16
0.79551875,0.18,0.2623953798663262,0.2623953798663259,0.25,3.3306690738754696e-16
0.7980125000000001,0.18,0.2623191700223103,0.2623191700223101,0.25,2.220446049250313e-16
0.8005062500000001,0.18,0.2622436724085415,0.2622436724085413,0.25,2.220446049250313e-16
0.803,0.18,0.26216887791289845,0.26216887791289867,0.25,2.220446049250313e-16
0.8054937500000001,0.18,0.26209477757457467,0.26209477757457444,0.25,2.220446049250313e-16
0.8079875000000001,0.18,0.2620213625809225,0.2620213625809223,0.25,2.220446049250313e-16
0.8104812500000002,0.18,0.26194862426438575,0.2619486242643859,0.25,1.6653345369377348e-16
0.8129750000000001,0.18,0.26187655409950616,0.2618765540995056,0.25,5.551115123125783e-16
0.8154687500000001,0.18,0.26180514370000163,0.26180514370000113,0.25,4.996003610813204e-16
0.8179625000000001,0.18,0.26173438481592315,0.2617343848159237,0.25,5.551115123125783e-16
0.8204562500000001,0.18,0.26166426933088394,0.2616642693308839,0.25,5.551115123125783e-17
0.8229500000000001,0.18,0.2615947892593459,0.2615947892593453,0.25,5.551115123125783e-16
0.8254437500000001,0.18,0.26152593674398616,0.2615259367439857,0.25,4.440892098500626e-16
0.8279375000000001,0.18,0.2614577040531231,0.26145770405312274,0.25,3.3306690738754696e-16
0.8304312500000001,0.18,0.2613900835782034,0.2613900835782029,0.25,4.996003610813204e-16
0.8329250000000001,0.18,0.2613230678313519,0.26132306783135173,0.25,1.6653345369377348e-16
0.8354187500000001,0.18,0.261256649442982,0.261256649442982,0.25,0.0
0.8379125000000001,0.18,0.2611908211594611,0.26119082115946113,0.25,5.551115123125783e-17
0.8404062500000001,0.18,0.26112557584083457,0.2611255758408344,0.25,1.6653345369377348e-16
0.8429000000000001,0.18,0.2610609064586016,0.26106090645860114,0.25,4.440892098500626e-16
0.84539375,0.18,0.2609968060935467,0.2609968060935463,0.25,3.885780586188048e-16
0.8478875000000001,0.18,0.2609332679336191,0.2609332679336194,0.25,2.7755575615628914e-16
0.8503812500000001,0.18,0.26087028527186695,0.26087028527186695,0.25,0.0
0.8528750000000002,0.18,0.2608078515044126,0.26080785150441266,0.25,5.551115123125783e-17
0.8553687500000001,0.18,0.26074596012848344,0.26074596012848333,0.25,1.1102230246251565e-16
0.8578625000000001,0.18,0.26068460474048283,0.2606846047404825,0.25,3.3306690738754696e-16
0.8603562500000002,0.18,0.2606237790341064,0.26062377903410633,0.25,5.551115123125783e-17
0.8628500000000001,0.18,0.2605634767985056,0.26056347679850467,0.25,9.43689570931383e-16
0.8653437500000001,0.18,0.26050369191648703,0.260503691916487,0.25,5.551115123125783e-17
0.8678375000000002,0.18,0.2604444183627599,0.2604444183627598,0.25,1.1102230246251565e-16
0.8703312500000001,0.18,0.26038565020221516,0.26038565020221516,0.25,0.0
0.8728250000000001,0.18,0.26032738158825414,0.2603273815882538,0.25,3.3306690738754696e-16
0.8753187500000001,0.18,0.26026960676114236,0.26026960676114197,0.25,3.885780586188048e-16
0.8778125000000001,0.18,0.26021232004641115,0.2602123200464112,0.25,5.551115123125783e-17
0.8803062500000001,0.18,0.26015551585329055,0.2601555158532905,0.25,5.551115123125783e-17
0.8828000000000001,0.18,0.2600991886731746,0.26009918867317483,0.25,2.220446049250313e-16
0.8852937500000001,0.18,0.26004333307812566,0.2600433330781255,0.25,1.6653345369377348e-16
0.8877875000000001,0.18,0.25998794371940737,0.25998794371940703,0.25,3.3306690738754696e-16
0.8902812500000001,0.18,0.2599330153260524,0.2599330153260525,0.25,1.1102230246251565e-16
0.8927750000000001,0.18,0.259878542703463,0.25987854270346245,0.25,5.551115123125783e-16
0.8952687500000002,0.18,0.2598245207320359,0.25982452073203605,0.25,1.6653345369377348e-16
0.8977625000000001,0.18,0.2597709443658245,0.2597709443658243,0.25,1.6653345369377348e-16
0.9002562500000001,0.18,0.25971780863122396,0.25971780863122373,0.25,2.220446049250313e-16
0.9027500000000002,0.18,0.2596651086256906,0.2596651086256904,0.25,1.6653345369377348e-16
0.9052437500000001,0.18,0.25961283951648073,0.25961283951648095,0.25,2.220446049250313e-16
0.9077375000000001,0.18,0.2595609965394262,0.2595609965394261,0.25,1.1102230246251565e-16
0.9102312500000002,0.18,0.2595095749977253,0.25950957499772587,0.25,5.551115123125783e-16
0.9127250000000001,0.18,0.2594585702607717,0.2594585702607712,0.25,4.996003610813204e-16
0.9152187500000001,0.18,0.25940797776299096,0.2594079777629912,0.25,2.220446049250313e-16
0.9177125000000002,0.18,0.25935779300272555,0.2593577930027253,0.25,2.220446049250313e-16
0.9202062500000001,0.18,0.2593080115411155,0.2593080115411155,0.25,0.0
0.9227000000000001,0.18,0.2592586290010263,0.2592586290010259,0.25,3.885780586188048e-16
0.9251937500000001,0.18,0.259209641065984,0.2592096410659836,0.25,3.885780586188048e-16
0.9276875000000001,0.18,0.25916104347913904,0.25916104347913893,0.25,1.1102230246251565e-16
0.9301812500000001,0.18,0.2591128320422501,0.2591128320422498,0.25,3.3306690738754696e-16
0.9326750000000001,0.18,0.25906500261468773,0.2590650026146872,0.25,5.551115123125783e-16
0.9351687500000001,0.18,0.25901755111245844,0.2590175511124583,0.25,1.6653345369377348e-16
0.9376625000000001,0.18,0.2589704735072528,0.258970473507253,0.25,2.220446049250313e-16
0.9401562500000001,0.18,0.2589237658255059,0.2589237658255059,0.25,0.0
0.9426500000000001,0.18,0.25887742414748127,0.25887742414748094,0.25,3.3306690738754696e-16
0.9451437500000002,0.18,0.2588314446063744,0.25883144460637414,0.25,2.7755575615628914e-16
0.9476375000000001,0.18,0.25878582338742845,0.2587858233874282,0.25,2.220446049250313e-16
0.9501312500000001,0.18,0.2587405567270748,0.25874055672707524,0.25,4.440892098500626e-16
0.9526250000000002,0.18,0.2586956409120883,0.2586956409120882,0.25,1.1102230246251565e-16
0.9551187500000001,0.18,0.25865107227875195,0.2586510722787527,0.25,7.771561172376096e-16
0.9576125000000001,0.18,0.258606847212055,0.2586068472120546,0.25,3.885780586188048e-16
0.9601062500000002,0.18,0.25856296214488417,0.25856296214488445,0.25,2.7755575615628914e-16
0.9626000000000001,0.18,0.25851941355725394,0.2585194135572533,0.25,6.661338147750939e-16
0.9650937500000001,0.18,0.2584761979755348,0.2584761979755337,0.25,1.1102230246251565e-15
0.9675875000000002,0.18,0.2584333119717014,0.25843331197170155,0.25,1.6653345369377348e-16
0.9700812500000001,0.18,0.2583907521626049,0.25839075216260554,0.25,6.661338147750939e-16
0.9725750000000001,0.18,0.2583485152092433,0.25834851520924335,0.25,5.551115123125783e-17
0.9750687500000002,0.18,0.2583065978160544,0.2583065978160539,0.25,4.996003610813204e-16
0.9775625000000001,0.18,0.25826499673022585,0.2582649967302253,0.25,5.551115123125783e-16
0.9800562500000001,0.18,0.25822370874100964,0.2582237087410098,0.25,1.6653345369377348e-16
0.9825500000000001,0.18,0.2581827306790597,0.25818273067905934,0.25,3.885780586188048e-16
0.9850437500000001,0.18,0.25814205941576984,0.25814205941576973,0.25,1.1102230246251565e-16
0.9875375000000002,0.18,0.2581016918626383,0.2581016918626379,0.25,3.885780586188048e-16
0.9900312500000001,0.18,0.25806162497063023,0.25806162497062934,0.25,8.881784197001252e-16
0.9925250000000001,0.18,0.258021855729564,0.2580218557295637,0.25,2.7755575615628914e-16
0.9950187500000002,0.18,0.25798238116750327,0.25798238116750283,0.25,4.440892098500626e-16
0.9975125000000001,0.18,0.2579431983501586,0.2579431983501591,0.25,4.996003610813204e-16
1.00000625,0.18,0.2579043043803075,0.25790430438030776,0.25,2.7755575615628914e-16
1.0025000000000002,0.18,0.2578656963972158,0.2578656963972159,0.25,1.1102230246251565e-16
1.0049937500000001,0.18,0.25782737157607594,0.2578273715760765,0.25,5.551115123125783e-16
1.0074875,0.18,0.2577893271274596,0.2577893271274598,0.25,1.6653345369377348e-16
1.00998125,0.18,0.25775156029676505,0.25775156029676494,0.25,1.1102230246251565e-16
1.012475,0.18,0.25771406836369315,0.25771406836369315,0.25,0.0
1.01496875,0.18,0.2576768486417219,0.25767684864172175,0.25,1.6653345369377348e-16
1.0174625,0.18,0.25763989847759106,0.2576398984775912,0.25,1.6653345369377348e-16
1.0199562500000001,0.18,0.25760321525080265,0.2576032152508022,0.25,4.440892098500626e-16
1.02245,0.18,0.2575667963731191,0.2575667963731192,0.25,1.1102230246251565e-16
1.02494375,0.18,0.25753063928808617,0.257530639288086,0.25,1.6653345369377348e-16
1.0274375,0.18,0.25749474147054796,0.25749474147054796,0.25,0.0
1.02993125,0.18,0.25745910042618314,0.2574591004261828,0.25,3.3306690738754696e-16
1.032425,0.18,0.2574237136910421,0.25742371369104255,0.25,4.440892098500626e-16
1.03491875,0.18,0.257388578831098,0.25738857883109806,0.25,5.551115123125783e-17
1.0374125,0.18,0.25735369344179726,0.2573536934417968,0.25,4.440892098500626e-16
1.03990625,0.18,0.25731905514763004,0.25731905514762954,0.25,4.996003610813204e-16
1.0424,0.18,0.2572846616016956,0.25728466160169483,0.25,7.771561172376096e-16
1.04489375,0.18,0.25725051048528735,0.25725051048528713,0.25,2.220446049250313e-16
1.0473875,0.18,0.25721659950747494,0.25721659950747455,0.25,3.885780586188048e-16
1.04988125,0.18,0.2571829264046987,0.25718292640469886,0.25,1.6653345369377348e-16
1.052375,0.18,0.25714948894037326,0.2571494889403735,0.25,2.220446049250313e-16
1.05486875,0.18,0.25711628490449145,0.2571162849044914,0.25,5.551115123125783e-17
1.0573625,0.18,0.257083312113241,0.2570833121132402,0.25,7.771561172376096e-16
1.05985625,0.18,0.25705056840862517,0.25705056840862517,0.25,0.0
1.0623500000000001,0.18,0.25701805165809133,0.2570180516580914,0.25,5.551115123125783e-17
1.06484375,0.18,0.25698575975416516,0.2569857597541647,0.25,4.440892098500626e-16
1.0673375,0.18,0.2569536906140869,0.25695369061408746,0.25,5.551115123125783e-16
1.06983125,0.18,0.25692184217946723,0.2569218421794668,0.25,4.440892098500626e-16
1.072325,0.18,0.2568902124159269,0.25689021241592636,0.25,5.551115123125783e-16
1.07481875,0.18,0.2568587993127683,0.2568587993127679,0.25,3.885780586188048e-16
1.0773125000000001,0.18,0.2568276008826294,0.25682760088262957,0.25,1.6653345369377348e-16
1.07980625,0.18,0.2567966151611606,0.2567966151611611,0.25,4.996003610813204e-16
1.0823,0.18,0.2567658402066968,0.2567658402066967,0.25,1.1102230246251565e-16
1.08479375,0.18,0.25673527409993724,0.25673527409993757,0.25,3.3306690738754696e-16
1.0872875,0.18,0.25670491494363623,0.2567049149436361,0.25,1.1102230246251565e-16
1.08978125,0.18,0.2566747608622891,0.25667476086228924,0.25,1.6653345369377348e-16
1.092275,0.18,0.25664481000183403,0.25664481000183426,0.25,2.220446049250313e-16
1.09476875,0.18,0.2566150605293501,0.25661506052935035,0.25,2.220446049250313e-16
1.0972625,0.18,0.2565855106327655,0.2565855106327654,0.25,1.1102230246251565e-16
1.09975625,0.18,0.2565561585205661,0.2565561585205668,0.25,6.661338147750939e-16
1.10225,0.18,0.25652700242151893,0.2565270024215186,0.25,3.3306690738754696e-16
1.1047437500000001,0.18,0.2564980405843835,0.2564980405843835,0.25,0.0
1.1072375,0.18,0.25646927127764435,0.25646927127764396,0.25,3.885780586188048e-16
1.10973125,0.18,0.2564406927892362,0.2564406927892359,0.25,2.7755575615628914e-16
1.112225,0.18,0.25641230342628224,0.25641230342628174,0.25,4.996003610813204e-16
1.11471875,0.18,0.25638410151482993,0.2563841015148304,0.25,4.440892098500626e-16
1.1172125,0.18,0.2563560853995963,0.2563560853995963,0.25,0.0
1.1197062500000001,0.18,0.2563282534437096,0.25632825344371024,0.25,6.661338147750939e-16
1.1222,0.18,0.25630060402846844,0.2563006040284687,0.25,2.7755575615628914e-16
1.12469375,0.18,0.25627313555308917,0.2562731355530895,0.25,3.3306690738754696e-16
1.1271875,0.18,0.25624584643446957,0.2562458464344694,0.25,1.6653345369377348e-16
1.12968125,0.18,0.2562187351069492,0.2562187351069493,0.25,1.1102230246251565e-16
1.132175,0.18,0.25619180002207764,0.25619180002207764,0.25,0.0
1.1346687500000001,0.18,0.256165039648383,0.2561650396483829,0.25,1.1102230246251565e-16
1.1371625,0.18,0.2561384524711494,0.2561384524711488,0.25,6.106226635438361e-16
1.13965625,0.18,0.2561120369921863,0.25611203699218654,0.25,2.220446049250313e-16
1.14215,0.18,0.25608579172962226,0.256085791729622,0.25,2.7755575615628914e-16
1.14464375,0.18,0.2560597152176761,0.2560597152176758,0.25,3.3306690738754696e-16
1.1471375000000001,0.18,0.2560338060064533,0.25603380600645304,0.25,2.7755575615628914e-16
1.14963125,0.18,0.2560080626617346,0.2560080626617346,0.25,0.0
1.152125,0.18,0.25598248376476973,0.25598248376476956,0.25,1.6653345369377348e-16
1.15461875,0.18,0.25595706791207495,0.25595706791207523,0.25,2.7755575615628914e-16
1.1571125,0.18,0.2559318137152362,0.2559318137152361,0.25,1.1102230246251565e-16
1.15960625,0.18,0.2559067198007085,0.2559067198007081,0.25,3.885780586188048e-16
1.1621000000000001,0.18,0.25588178480962664,0.25588178480962676,0.25,1.1102230246251565e-16
1.16459375,0.18,0.25585700739761363,0.2558570073976138,0.25,1.6653345369377348e-16
1.1670875,0.18,0.2558323862345925,0.2558323862345927,0.25,2.220446049250313e-16
1.16958125,0.18,0.25580792000460373,0.2558079200046037,0.25,5.551115123125783e-17
1.172075,0.18,0.2557836074056209,0.25578360740562145,0.25,5.551115123125783e-16
1.17456875,0.18,0.2557594471493754,0.25575944714937576,0.25,3.885780586188048e-16
1.1770625000000001,0.18,0.2557354379611778,0.25573543796117715,0.25,6.661338147750939e-16
1.17955625,0.18,0.2557115785797426,0.25571157857974264,0.25,5.551115123125783e-17
1.18205,0.18,0.25568786775702285,0.255687867757023,0.25,1.6653345369377348e-16
1.18454375,0.18,0.25566430425803843,0.2556643042580385,0.25,5.551115123125783e-17
1.1870375,0.18,0.2556408868607086,0.2556408868607082,0.25,4.440892098500626e-16
1.18953125,0.18,0.2556176143556921,0.25561761435569175,0.25,3.3306690738754696e-16
1.1920250000000001,0.18,0.255594485546224,0.2555944855462242,0.25,2.220446049250313e-16
1.19451875,0.18,0.25557149924796113,0.2555714992479603,0.25,8.326672684688674e-16
1.1970125,0.18,0.2555486542888177,0.255548654288818,0.25,3.3306690738754696e-16
1.19950625,0.18,0.2555259495088234,0.2555259495088229,0.25,4.996003610813204e-16
1.202,0.18,0.25550338375996096,0.2555033837599605,0.25,4.440892098500626e-16
1.2044937500000001,0.18,0.25548095590602193,0.25548095590602216,0.25,2.220446049250313e-16
1.2069875,0.18,0.25545866482246204,0.25545866482246193,0.25,1.1102230246251565e-16
1.20948125,0.18,0.25543650939624984,0.2554365093962504,0.25,5.551115123125783e-16
1.211975,0.18,0.25541448852573156,0.2554144885257317,0.25,1.1102230246251565e-16
1.21446875,0.18,0.2553926011204827,0.2553926011204831,0.25,4.440892098500626e-16
1.2169625,0.18,0.25537084610117555,0.2553708461011752,0.25,3.3306690738754696e-16
1.2194562500000001,0.18,0.2553492223994396,0.2553492223994395,0.25,5.551115123125783e-17
1.22195,0.18,0.2553277289577277,0.25532772895772804,0.25,3.3306690738754696e-16
1.22444375,0.18,0.2553063647291838,0.25530636472918367,0.25,1.1102230246251565e-16
1.2269375,0.18,0.25528512867751196,0.2552851286775112,0.25,7.771561172376096e-16
1.22943125,0.18,0.25526401977684515,0.2552640197768451,0.25,5.551115123125783e-17
1.231925,0.18,0.2552430370116243,0.2552430370116241,0.25,2.220446049250313e-16
1.2344187500000001,0.18,0.2552221793764662,0.2552221793764663,0.25,1.1102230246251565e-16
1.2369125,0.18,0.25520144587604476,0.25520144587604493,0.25,1.6653345369377348e-16
1.23940625,0.18,0.25518083552496784,0.25518083552496756,0.25,2.7755575615628914e-16
1.2419,0.18,0.2551603473476567,0.25516034734765647,0.25,2.220446049250313e-16
1.24439375,0.18,0.2551399803782297,0.2551399803782292,0.25,4.996003610813204e-16
1.2468875000000001,0.18,0.25511973366038343,0.2551197336603831,0.25,3.3306690738754696e-16
1.24938125,0.18,0.25509960624728084,0.2550996062472804,0.25,4.440892098500626e-16
1.251875,0.18,0.2550795972014338,0.25507959720143425,0.25,4.440892098500626e-16
1.25436875,0.18,0.2550597055945983,0.2550597055945978,0.25,4.996003610813204e-16
1.2568625,0.18,0.2550399305076561,0.2550399305076564,0.25,2.7755575615628914e-16
1.25935625,0.18,0.25502027103051284,0.2550202710305127,0.25,1.1102230246251565e-16
1.2618500000000001,0.18,0.25500072626198655,0.25500072626198633,0.25,2.220446049250313e-16
1.26434375,0.18,0.2549812953097053,0.25498129530970537,0.25,5.551115123125783e-17
1.2668375,0.18,0.2549619772900025,0.2549619772900026,0.25,1.1102230246251565e-16
1.26933125,0.18,0.2549427713278133,0.2549427713278133,0.25,0.0
1.271825,0.18,0.25492367655657433,0.2549236765565739,0.25,4.440892098500626e-16
1.27431875,0.18,0.25490469211812206,0.25490469211812206,0.25,0.0
1.2768125000000001,0.18,0.25488581716259917,0.2548858171625987,0.25,4.440892098500626e-16
1.27930625,0.18,0.25486705084835115,0.25486705084835126,0.25,1.1102230246251565e-16
1.2818,0.18,0.25484839234183687,0.254848392341837,0.25,1.1102230246251565e-16
1.28429375,0.18,0.2548298408175296,0.25482984081752913,0.25,4.440892098500626e-16
1.2867875,0.18,0.2548113954578254,0.25481139545782494,0.25,4.440892098500626e-16
1.2892812500000002,0.18,0.2547930554529514,0.2547930554529514,0.25,0.0
1.2917750000000001,0.18,0.25477482000087737,0.2547748200008778,0.25,4.440892098500626e-16
1.29426875,0.18,0.25475668830722364,0.254756688307223,0.25,6.661338147750939e-16
1.2967625,0.18,0.25473865958517106,0.254738659585171,0.25,5.551115123125783e-17
1.29925625,0.18,0.25472073305538073,0.254720733055381,0.25,2.7755575615628914e-16
1.30175,0.18,0.254702907945902,0.2547029079459022,0.25,2.220446049250313e-16
1.3042437500000001,0.18,0.2546851834920931,0.25468518349209235,0.25,7.771561172376096e-16
1.3067375,0.18,0.25466755893653,0.2546675589365295,0.25,4.996003610813204e-16
1.30923125,0.18,0.2546500335289339,0.2546500335289339,0.25,0.0
1.311725,0.18,0.2546326065260822,0.25463260652608255,0.25,3.3306690738754696e-16
1.31421875,0.18,0.25461527719173344,0.25461527719173327,0.25,1.6653345369377348e-16
1.3167125,0.18,0.25459804479654424,0.2545980447965443,0.25,5.551115123125783e-17
1.3192062500000001,0.18,0.2545809086179942,0.25458090861799443,0.25,2.220446049250313e-16
1.3217,0.18,0.25456386794030816,0.2545638679403075,0.25,6.661338147750939e-16
1.32419375,0.18,0.25454692205437873,0.2545469220543778,0.25,9.43689570931383e-16
1.3266875,0.18,0.254530070257694,0.2545300702576943,0.25,3.3306690738754696e-16
1.32918125,0.18,0.25451331185426335,0.25451331185426285,0.25,4.996003610813204e-16
1.3316750000000002,0.18,0.2544966461545396,0.25449664615453926,0.25,3.3306690738754696e-16
1.3341687500000001,0.18,0.2544800724753548,0.2544800724753542,0.25,6.106226635438361e-16
1.3366625,0.18,0.25446359013984254,0.25446359013984277,0.25,2.220446049250313e-16
1.33915625,0.18,0.2544471984773732,0.25444719847737285,0.25,3.3306690738754696e-16
1.34165,0.18,0.25443089682347875,0.25443089682347786,0.25,8.881784197001252e-16
1.34414375,0.18,0.25441468451978966,0.2544146845197894,0.25,2.7755575615628914e-16
1.3466375000000002,0.18,0.25439856091396484,0.25439856091396496,0.25,1.1102230246251565e-16
1.3491312500000001,0.18,0.2543825253596276,0.254382525359627,0.25,5.551115123125783e-16
1.351625,0.18,0.25436657721629463,0.2543665772162945,0.25,1.1102230246251565e-16
1.35411875,0.18,0.2543507158493171,0.2543507158493178,0.25,6.661338147750939e-16
1.3566125,0.18,0.25433494062981554,0.2543349406298152,0.25,3.3306690738754696e-16
1.35910625,0.18,0.25431925093461194,0.25431925093461183,0.25,1.1102230246251565e-16
1.3616000000000001,0.18,0.2543036461461722,0.25430364614617224,0.25,5.551115123125783e-17
1.36409375,0.18,0.25428812565254455,0.25428812565254444,0.25,1.1102230246251565e-16
1.3665875,0.18,0.2542726888472961,0.2542726888472963,0.25,2.220446049250313e-16
1.36908125,0.18,0.2542573351294541,0.25425733512945436,0.25,2.7755575615628914e-16
1.371575,0.18,0.25424206390344917,0.2542420639034484,0.25,7.771561172376096e-16
1.3740687500000002,0.18,0.2542268745790497,0.2542268745790495,0.25,1.6653345369377348e-16
1.3765625000000001,0.18,0.25421176657131284,0.25421176657131306,0.25,2.220446049250313e-16
1.37905625,0.18,0.2541967393005233,0.25419673930052333,0.25,5.551115123125783e-17
1.38155,0.18,0.25418179219213555,0.2541817921921356,0.25,5.551115123125783e-17
1.38404375,0.18,0.25416692467672114,0.2541669246767213,0.25,1.6653345369377348e-16
1.3865375,0.18,0.2541521361899137,0.2541521361899126,0.25,1.1102230246251565e-15
1.3890312500000002,0.18,0.2541374261723499,0.25413742617235013,0.25,2.220446049250313e-16
1.3915250000000001,0.18,0.2541227940696258,0.2541227940696257,0.25,1.1102230246251565e-16
1.39401875,0.18,0.25410823933223287,0.25410823933223226,0.25,6.106226635438361e-16
1.3965125,0.18,0.2540937614155143,0.2540937614155139,0.25,4.440892098500626e-16
1.39900625,0.18,0.254079359779608,0.25407935977960805,0.25,5.551115123125783e-17
1.4015,0.18,0.2540650338894007,0.2540650338894006,0.25,1.1102230246251565e-16
1.4039937500000002,0.18,0.25405078321447216,0.2540507832144714,0.25,7.771561172376096e-16
1.4064875000000001,0.18,0.2540366072290503,0.25403660722905025,0.25,5.551115123125783e-17
1.40898125,0.18,0.2540225054119599,0.2540225054119596,0.25,3.3306690738754696e-16
1.411475,0.18,0.2540084772465736,0.2540084772465738,0.25,2.220446049250313e-16
1.41396875,0.18,0.25399452222076746,0.25399452222076746,0.25,0.0
1.4164625,0.18,0.2539806398268691,0.25398063982686914,0.25,5.551115123125783e-17
1.4189562500000001,0.18,0.2539668295616144,0.2539668295616146,0.25,1.6653345369377348e-16
1.42145,0.18,0.25395309092610097,0.2539530909261008,0.25,1.6653345369377348e-16
1.42394375,0.18,0.2539394234257413,0.2539394234257406,0.25,6.661338147750939e-16
1.4264375,0.18,0.2539258265702192,0.2539258265702191,0.25,1.1102230246251565e-16
1.42893125,0.18,0.25391229987344516,0.25391229987344466,0.25,4.996003610813204e-16
1.4314250000000002,0.18,0.2538988428535111,0.25389884285351105,0.25,5.551115123125783e-17
1.4339187500000001,0.18,0.2538854550326505,0.2538854550326502,0.25,2.7755575615628914e-16
1.4364125,0.18,0.2538721359371908,0.2538721359371911,0.25,2.7755575615628914e-16
1.43890625,0.18,0.25385888509751564,0.25385888509751603,0.25,3.885780586188048e-16
1.4414,0.18,0.25384570204802126,0.2538457020480205,0.25,7.771561172376096e-16
1.44389375,0.18,0.2538325863270726,0.2538325863270724,0.25,2.220446049250313e-16
1.4463875000000002,0.18,0.2538195374769684,0.25381953747696856,0.25,1.6653345369377348e-16
1.4488812500000001,0.18,0.25380655504389615,0.253806555043896,0.25,1.6653345369377348e-16
1.451375,0.18,0.2537936385778935,0.2537936385778936,0.25,1.1102230246251565e-16
1.45386875,0.18,0.25378078763281076,0.25378078763281037,0.25,3.885780586188048e-16
1.4563625,0.18,0.2537680017662677,0.2537680017662682,0.25,4.996003610813204e-16
1.45885625,0.18,0.25375528053962293,0.25375528053962293,0.25,0.0
1.4613500000000001,0.18,0.2537426235179262,0.25374262351792587,0.25,3.3306690738754696e-16
1.46384375,0.18,0.25373003026988866,0.2537300302698885,0.25,1.6653345369377348e-16
1.4663375,0.18,0.25371750036784246,0.2537175003678429,0.25,4.440892098500626e-16
1.46883125,0.18,0.25370503338770556,0.2537050333877055,0.25,5.551115123125783e-17
1.471325,0.18,0.2536926289089434,0.25369262890894295,0.25,4.440892098500626e-16
1.4738187500000002,0.18,0.2536802865145351,0.25368028651453506,0.25,5.551115123125783e-17
1.4763125000000001,0.18,0.25366800579093896,0.2536680057909386,0.25,3.3306690738754696e-16
1.47880625,0.18,0.25365578632805513,0.2536557863280551,0.25,5.551115123125783e-17
1.4813,0.18,0.25364362771919213,0.25364362771919235,0.25,2.220446049250313e-16
1.48379375,0.18,0.2536315295610343,0.25363152956103435,0.25,5.551115123125783e-17
1.4862875,0.18,0.25361949145360607,0.25361949145360574,0.25,3.3306690738754696e-16
1.4887812500000002,0.18,0.2536075130002391,0.2536075130002382,0.25,8.881784197001252e-16
1.4912750000000001,0.18,0.2535955938075391,0.25359559380753915,0.25,5.551115123125783e-17
1.49376875,0.18,0.2535837334853568,0.2535837334853572,0.25,3.885780586188048e-16
1.4962625,0.18,0.25357193164675085,0.2535719316467509,0.25,5.551115123125783e-17
1.49875625,0.18,0.25356018790795803,0.25356018790795815,0.25,1.1102230246251565e-16
1.50125,0.18,0.25354850188836275,0.25354850188836314,0.25,3.885780586188048e-16
1.5037437500000002,0.18,0.2535368732104659,0.2535368732104657,0.25,2.220446049250313e-16
1.5062375000000001,0.18,0.2535253014998534,0.25352530149985286,0.25,5.551115123125783e-16
1.50873125,0.18,0.25351378638516403,0.25351378638516353,0.25,4.996003610813204e-16
1.511225,0.18,0.2535023274980648,0.25350232749806456,0.25,2.220446049250313e-16
1.51371875,0.18,0.2534909244732162,0.2534909244732162,0.25,0.0
1.5162125000000002,0.18,0.2534795769482462,0.2534795769482452,0.25,9.992007221626409e-16
1.5187062500000001,0.18,0.2534682845637176,0.2534682845637173,0.25,3.3306690738754696e-16
1.5212,0.18,0.2534570469631048,0.2534570469631039,0.25,8.881784197001252e-16
1.52369375,0.18,0.25344586379275974,0.25344586379275935,0.25,3.885780586188048e-16
1.5261875,0.18,0.25343473470188804,0.25343473470188815,0.25,1.1102230246251565e-16
1.52868125,0.18,0.253423659342522,0.2534236593425216,0.25,3.885780586188048e-16
1.5311750000000002,0.18,0.25341263736948605,0.25341263736948627,0.25,2.220446049250313e-16
1.5336687500000001,0.18,0.25340166844038026,0.25340166844038015,0.25,1.1102230246251565e-16
1.5361625,0.18,0.2533907522155452,0.2533907522155452,0.25,0.0
1.53865625,0.18,0.25337988835804026,0.25337988835804015,0.25,1.1102230246251565e-16
1.54115,0.18,0.2533690765336145,0.2533690765336145,0.25,0.0
1.54364375,0.18,0.25335831641068396,0.25335831641068385,0.25,1.1102230246251565e-16
1.5461375000000002,0.18,0.2533476076603026,0.2533476076603029,0.25,2.7755575615628914e-16
1.5486312500000001,0.18,0.25333694995614076,0.25333694995614076,0.25,0.0
1.551125,0.18,0.25332634297445633,0.2533263429744562,0.25,1.1102230246251565e-16
1.55361875,0.18,0.25331578639407354,0.2533157863940736,0.25,5.551115123125783e-17
1.5561125,0.18,0.25330527989635704,0.25330527989635665,0.25,3.885780586188048e-16
1.5586062500000002,0.18,0.25329482316518587,0.2532948231651861,0.25,2.220446049250313e-16
1.5611000000000002,0.18,0.25328441588693523,0.25328441588693407,0.25,1.1657341758564144e-15
1.5635937500000001,0.18,0.253274057750444,0.2532740577504433,0.25,6.661338147750939e-16
1.5660875,0.18,0.25326374844700117,0.25326374844700084,0.25,3.3306690738754696e-16
1.56858125,0.18,0.2532534876703167,0.2532534876703163,0.25,3.885780586188048e-16
1.571075,0.18,0.2532432751164988,0.2532432751164985,0.25,2.7755575615628914e-16
1.5735687500000002,0.18,0.25323311048403385,0.25323311048403374,0.25,1.1102230246251565e-16
1.5760625000000001,0.18,0.25322299347376276,0.25322299347376304,0.25,2.7755575615628914e-16
1.57855625,0.18,0.2532129237888593,0.2532129237888592,0.25,1.1102230246251565e-16
1.58105,0.18,0.2532029011348078,0.2532029011348072,0.25,6.106226635438361e-16
1.58354375,0.18,0.2531929252193802,0.25319292521938,0.25,1.6653345369377348e-16
1.5860375,0.18,0.25318299575261877,0.25318299575261866,0.25,1.1102230246251565e-16
1.5885312500000002,0.18,0.25317311244681046,0.2531731124468102,0.25,2.7755575615628914e-16
1.5910250000000001,0.18,0.25316327501646935,0.25316327501646974,0.25,3.885780586188048e-16
1.59351875,0.18,0.253153483178314,0.25315348317831415,0.25,1.6653345369377348e-16
1.5960125,0.18,0.25314373665124734,0.2531437366512468,0.25,5.551115123125783e-16
1.59850625,0.18,0.25313403515633603,0.25313403515633603,0.25,0.0
1.601,0.18,0.2531243784167932,0.2531243784167925,0.25,7.216449660063518e-16
1.6034937500000002,0.18,0.2531147661579542,0.25311476615795375,0.25,4.440892098500626e-16
1.6059875000000001,0.18,0.2531051981072599,0.25310519810726007,0.25,1.6653345369377348e-16
1.60848125,0.18,0.2530956739942394,0.25309567399423916,0.25,2.220446049250313e-16
1.610975,0.18,0.25308619355048434,0.2530861935504838,0.25,5.551115123125783e-16
1.61346875,0.18,0.25307675650963674,0.2530767565096361,0.25,6.106226635438361e-16
1.6159625000000002,0.18,0.253067362607365,0.2530673626073643,0.25,7.216449660063518e-16
1.6184562500000002,0.18,0.2530580115813507,0.2530580115813503,0.25,4.440892098500626e-16
1.6209500000000001,0.18,0.25304870317126416,0.2530487031712636,0.25,5.551115123125783e-16
1.62344375,0.18,0.2530394371187519,0.25303943711875143,0.25,4.440892098500626e-16
1.6259375,0.18,0.25303021316741425,0.25303021316741425,0.25,0.0
1.62843125,0.18,0.25302103106279106,0.2530210310627914,0.25,3.3306690738754696e-16
1.6309250000000002,0.18,0.25301189055234247,0.2530118905523421,0.25,3.885780586188048e-16
1.6334187500000001,0.18,0.2530027913854291,0.2530027913854289,0.25,1.6653345369377348e-16
1.6359125,0.18,0.2529937333133011,0.252993733313301,0.25,1.1102230246251565e-16
1.63840625,0.18,0.2529847160890741,0.25298471608907425,0.25,1.6653345369377348e-16
1.6409,0.18,0.2529757394677179,0.25297573946771784,0.25,5.551115123125783e-17
1.64339375,0.18,0.2529668032060367,0.25296680320603593,0.25,7.771561172376096e-16
1.6458875000000002,0.18,0.25295790706265237,0.25295790706265175,0.25,6.106226635438361e-16
1.6483812500000001,0.18,0.25294905079799057,0.25294905079799046,0.25,1.1102230246251565e-16
1.650875,0.18,0.2529402341742631,0.2529402341742632,0.25,1.1102230246251565e-16
1.65336875,0.18,0.25293145695545144,0.2529314569554514,0.25,5.551115123125783e-17
1.6558625,0.18,0.2529227189072917,0.2529227189072914,0.25,2.7755575615628914e-16
1.6583562500000002,0.18,0.25291401979725875,0.25291401979725864,0.25,1.1102230246251565e-16
1.6608500000000002,0.18,0.2529053593945509,0.2529053593945506,0.25,2.7755575615628914e-16
1.6633437500000001,0.18,0.252896737470074,0.2528967374700739,0.25,1.1102230246251565e-16
1.6658375,0.18,0.2528881537964279,0.2528881537964274,0.25,4.996003610813204e-16
1.66833125,0.18,0.25287960814788807,0.25287960814788807,0.25,0.0
1.670825,0.18,0.2528711003003955,0.25287110030039484,0.25,6.661338147750939e-16
1.6733187500000002,0.18,0.2528626300315361,0.2528626300315362,0.25,1.1102230246251565e-16
1.6758125000000001,0.18,0.25285419712053414,0.25285419712053336,0.25,7.771561172376096e-16
1.67830625,0.18,0.25284580134822815,0.25284580134822837,0.25,2.220446049250313e-16
1.6808,0.18,0.25283744249706586,0.25283744249706586,0.25,0.0
1.68329375,0.18,0.25282912035108285,0.2528291203510829,0.25,5.551115123125783e-17
1.6857875,0.18,0.2528208346958935,0.2528208346958931,0.25,3.885780586188048e-16
1.6882812500000002,0.18,0.25281258531867445,0.25281258531867423,0.25,2.220446049250313e-16
1.6907750000000001,0.18,0.25280437200815226,0.2528043720081521,0.25,1.6653345369377348e-16
1.69326875,0.18,0.25279619455458907,0.25279619455458907,0.25,0.0
1.6957625,0.18,0.2527880527497704,0.2527880527497702,0.25,2.220446049250313e-16
1.69825625,0.18,0.2527799463869896,0.2527799463869895,0.25,1.1102230246251565e-16
1.7007500000000002,0.18,0.25277187526103645,0.25277187526103695,0.25,4.996003610813204e-16
1.7032437500000002,0.18,0.25276383916818623,0.25276383916818645,0.25,2.220446049250313e-16
1.7057375000000001,0.18,0.25275583790618206,0.25275583790618117,0.25,8.881784197001252e-16
1.70823125,0.18,0.25274787127422405,0.25274787127422377,0.25,2.7755575615628914e-16
1.710725,0.18,0.2527399390729593,0.2527399390729591,0.25,1.6653345369377348e-16
1.71321875,0.18,0.25273204110446734,0.2527320411044669,0.25,4.440892098500626e-16
1.7157125000000002,0.18,0.2527241771722454,0.25272417717224527,0.25,1.1102230246251565e-16
1.7182062500000002,0.18,0.2527163470812022,0.25271634708120216,0.25,5.551115123125783e-17
1.7207000000000001,0.18,0.25270855063763875,0.25270855063763853,0.25,2.220446049250313e-16
1.72319375,0.18,0.2527007876492429,0.2527007876492425,0.25,4.440892098500626e-16
1.7256875,0.18,0.2526930579250717,0.2526930579250717,0.25,0.0
1.72818125,0.18,0.25268536127554453,0.25268536127554464,0.25,1.1102230246251565e-16
1.7306750000000002,0.18,0.2526776975124293,0.2526776975124292,0.25,1.1102230246251565e-16
1.7331687500000001,0.18,0.25267006644882917,0.25267006644882917,0.25,0.0
1.7356625,0.18,0.2526624678991754,0.2526624678991749,0.25,4.996003610813204e-16
1.73815625,0.18,0.2526549016792109,0.2526549016792108,0.25,1.1102230246251565e-16
1.74065,0.18,0.2526473676059856,0.25264736760598544,0.25,1.6653345369377348e-16
1.7431437500000002,0.18,0.25263986549783723,0.2526398654978374,0.25,1.6653345369377348e-16
1.7456375000000002,0.18,0.25263239517438907,0.25263239517438807,0.25,9.992007221626409e-16
1.7481312500000001,0.18,0.25262495645653116,0.25262495645653077,0.25,3.885780586188048e-16
1.750625,0.18,0.2526175491664151,0.25261754916641466,0.25,4.440892098500626e-16
1.75311875,0.18,0.25261017312744194,0.2526101731274415,0.25,4.440892098500626e-16
1.7556125,0.18,0.2526028281642497,0.2526028281642498,0.25,5.551115123125783e-17
1.7581062500000002,0.18,0.2525955141027062,0.25259551410270586,0.25,3.3306690738754696e-16
1.7606000000000002,0.18,0.2525882307698958,0.2525882307698958,0.25,0.0
1.7630937500000001,0.18,0.25258097799411094,0.2525809779941109,0.25,5.551115123125783e-17
1.7655875,0.18,0.2525737556048413,0.2525737556048411,0.25,2.220446049250313e-16
1.76808125,0.18,0.25256656343276446,0.25256656343276407,0.25,3.885780586188048e-16
1.770575,0.18,0.2525594013097351,0.25255940130973475,0.25,3.3306690738754696e-16
1.7730687500000002,0.18,0.2525522690687755,0.25255226906877537,0.25,1.1102230246251565e-16
1.7755625000000002,0.18,0.25254516654406683,0.2525451665440668,0.25,5.551115123125783e-17
1.7780562500000001,0.18,0.25253809357093737,0.25253809357093715,0.25,2.220446049250313e-16
1.78055,0.18,0.25253104998585474,0.2525310499858549,0.25,1.6653345369377348e-16
1.78304375,0.18,0.2525240356264168,0.25252403562641623,0.25,5.551115123125783e-16
1.7855375000000002,0.18,0.2525170503313393,0.2525170503313392,0.25,1.1102230246251565e-16
1.7880312500000002,0.18,0.25251009394045165,0.25251009394045165,0.25,0.0
1.7905250000000001,0.18,0.2525031662946823,0.2525031662946822,0.25,5.551115123125783e-17
1.79301875,0.18,0.25249626723605356,0.25249626723605356,0.25,0.0
1.7955125,0.18,0.25248939660767,0.25248939660767045,0.25,4.440892098500626e-16
1.79800625,0.18,0.2524825542537129,0.25248255425371285,0.25,5.551115123125783e-17
1.8005000000000002,0.18,0.252475740019427,0.25247574001942713,0.25,1.1102230246251565e-16
1.8029937500000002,0.18,0.2524689537511152,0.25246895375111467,0.25,5.551115123125783e-16
1.8054875000000001,0.18,0.2524621952961297,0.25246219529612923,0.25,4.440892098500626e-16
1.80798125,0.18,0.2524554645028596,0.2524554645028596,0.25,0.0
1.810475,0.18,0.2524487612207281,0.25244876122072757,0.25,5.551115123125783e-16
1.81296875,0.18,0.2524420853001803,0.25244208530018064,0.25,3.3306690738754696e-16
1.8154625000000002,0.18,0.25243543659267653,0.2524354365926762,0.25,3.3306690738754696e-16
1.8179562500000002,0.18,0.252428814950681,0.25242881495068076,0.25,2.220446049250313e-16
1.8204500000000001,0.18,0.2524222202276587,0.25242222022765803,0.25,6.661338147750939e-16
1.82294375,0.18,0.2524156522780642,0.2524156522780635,0.25,6.661338147750939e-16
1.8254375,0.18,0.25240911095733254,0.25240911095733237,0.25,1.6653345369377348e-16
1.82793125,0.18,0.2524025961218741,0.2524025961218739,0.25,2.220446049250313e-16
1.8304250000000002,0.18,0.2523961076290658,0.2523961076290657,0.25,5.551115123125783e-17
1.8329187500000002,0.18,0.2523896453372422,0.25238964533724184,0.25,3.3306690738754696e-16
1.8354125000000001,0.18,0.2523832091056877,0.25238320910568746,0.25,2.220446049250313e-16
1.83790625,0.18,0.2523767987946325,0.2523767987946322,0.25,2.7755575615628914e-16
1.8404,0.18,0.2523704142652383,0.2523704142652381,0.25,2.220446049250313e-16
1.8428937500000002,0.18,0.252364055379598,0.2523640553795983,0.25,2.7755575615628914e-16
1.8453875000000002,0.18,0.25235772200072437,0.25235772200072404,0.25,3.3306690738754696e-16
1.8478812500000001,0.18,0.25235141399254224,0.25235141399254213,0.25,1.1102230246251565e-16
1.850375,0.18,0.2523451312198831,0.25234513121988233,0.25,7.771561172376096e-16
1.85286875,0.18,0.25233887354847595,0.2523388735484755,0.25,4.440892098500626e-16
1.8553625,0.18,0.25233264084494267,0.2523326408449429,0.25,2.220446049250313e-16
1.8578562500000002,0.18,0.2523264329767897,0.25232643297678947,0.25,2.220446049250313e-16
1.8603500000000002,0.18,0.25232024981239914,0.2523202498123989,0.25,2.220446049250313e-16
1.8628437500000001,0.18,0.2523140912210238,0.25231409122102333,0.25,4.440892098500626e-16
1.8653375,0.18,0.25230795707278186,0.2523079570727811,0.25,7.771561172376096e-16
1.86783125,0.18,0.2523018472386459,0.2523018472386456,0.25,2.7755575615628914e-16
1.870325,0.18,0.2522957615904389,0.2522957615904388,0.25,1.1102230246251565e-16
1.8728187500000002,0.18,0.2522897000008278,0.25228970000082773,0.25,5.551115123125783e-17
1.8753125000000002,0.18,0.25228366234331523,0.2522836623433152,0.25,5.551115123125783e-17
1.8778062500000001,0.18,0.25227764849223383,0.25227764849223355,0.25,2.7755575615628914e-16
1.8803,0.18,0.2522716583227402,0.25227165832274,0.25,1.6653345369377348e-16
1.88279375,0.18,0.2522656917108068,0.2522656917108055,0.25,1.3322676295501878e-15
1.8852875000000002,0.18,0.2522597485332174,0.2522597485332168,0.25,6.106226635438361e-16
1.8877812500000002,0.18,0.2522538286675592,0.2522538286675593,0.25,1.1102230246251565e-16
1.8902750000000001,0.18,0.2522479319922184,0.2522479319922184,0.25,0.0
1.89276875,0.18,0.2522420583863722,0.25224205838637215,0.25,5.551115123125783e-17
1.8952625,0.18,0.25223620772998234,0.252236207729982,0.25,3.3306690738754696e-16
1.89775625,0.18,0.2522303799037918,0.2522303799037917,0.25,1.1102230246251565e-16
1.9002500000000002,0.18,0.25222457478931504,0.252224574789315,0.25,5.551115123125783e-17
1.9027437500000002,0.18,0.25221879226883415,0.2522187922688337,0.25,4.440892098500626e-16
1.9052375000000001,0.18,0.2522130322253936,0.2522130322253937,0.25,1.1102230246251565e-16
1.90773125,0.18,0.2522072945427928,0.252207294542792,0.25,7.771561172376096e-16
1.910225,0.18,0.2522015791055787,0.25220157910557844,0.25,2.7755575615628914e-16
1.91271875,0.18,0.25219588579904495,0.2521958857990446,0.25,3.3306690738754696e-16
1.9152125000000002,0.18,0.25219021450922124,0.2521902145092214,0.25,1.6653345369377348e-16
1.9177062500000002,0.18,0.2521845651228709,0.25218456512287096,0.25,5.551115123125783e-17
1.9202000000000001,0.18,0.25217893752748294,0.2521789375274833,0.25,3.885780586188048e-16
1.92269375,0.18,0.252173331611268,0.2521733316112673,0.25,6.661338147750939e-16
1.9251875,0.18,0.2521677472631517,0.2521677472631514,0.25,3.3306690738754696e-16
1.9276812500000002,0.18,0.2521621843727698,0.2521621843727701,0.25,2.7755575615628914e-16
1.9301750000000002,0.18,0.2521566428304636,0.25215664283046335,0.25,2.220446049250313e-16
1.9326687500000002,0.18,0.2521511225272728,0.25215112252727256,0.25,2.220446049250313e-16
1.9351625000000001,0.18,0.2521456233549305,0.2521456233549295,0.25,9.992007221626409e-16
1.93765625,0.18,0.2521401452058597,0.25214014520585976,0.25,5.551115123125783e-17
1.94015,0.18,0.25213468797316535,0.25213468797316474,0.25,6.106226635438361e-16
1.9426437500000002,0.18,0.2521292515506314,0.2521292515506317,0.25,3.3306690738754696e-16
1.9451375000000002,0.18,0.25212383583271447,0.2521238358327147,0.25,2.220446049250313e-16
1.9476312500000001,0.18,0.2521184407145397,0.2521184407145398,0.25,1.1102230246251565e-16
1.950125,0.18,0.2521130660918937,0.2521130660918933,0.25,3.885780586188048e-16
1.95261875,0.18,0.2521077118612214,0.2521077118612219,0.25,4.996003610813204e-16
1.9551125,0.18,0.25210237791962176,0.2521023779196221,0.25,3.3306690738754696e-16
1.9576062500000002,0.18,0.2520970641648402,0.2520970641648397,0.25,4.996003610813204e-16
1.9601000000000002,0.18,0.25209177049526454,0.2520917704952639,0.25,6.661338147750939e-16
1.9625937500000001,0.18,0.25208649680992207,0.2520864968099217,0.25,3.885780586188048e-16
1.9650875,0.18,0.25208124300847323,0.25208124300847307,0.25,1.6653345369377348e-16
1.96758125,0.18,0.25207600899120713,0.25207600899120697,0.25,1.6653345369377348e-16
1.9700750000000002,0.18,0.25207079465903515,0.25207079465903504,0.25,1.1102230246251565e-16
1.9725687500000002,0.18,0.25206559991348954,0.25206559991348976,0.25,2.220446049250313e-16
1.9750625000000002,0.18,0.25206042465671785,0.2520604246567178,0.25,5.551115123125783e-17
1.9775562500000001,0.18,0.2520552687914742,0.25205526879147433,0.25,1.1102230246251565e-16
1.98005,0.18,0.2520501322211217,0.2520501322211217,0.25,0.0
1.98254375,0.18,0.2520450148496225,0.25204501484962216,0.25,3.3306690738754696e-16
1.9850375000000002,0.18,0.2520399165815349,0.25203991658153435,0.25,5.551115123125783e-16
1.9875312500000002,0.18,0.2520348373220097,0.25203483732200893,0.25,7.771561172376096e-16
1.9900250000000002,0.18,0.2520297769767858,0.2520297769767857,0.25,1.1102230246251565e-16
1.9925187500000001,0.18,0.2520247354521843,0.25202473545218407,0.25,2.220446049250313e-16
1.9950125,0.18,0.25201971265510537,0.2520197126551052,0.25,1.6653345369377348e-16
1.99750625,0.18,0.25201470849302376,0.2520147084930239,0.25,1.1102230246251565e-16
2.0,0.18,0.2520097228739857,0.2520097228739857,0.25,0.0
