Omega_over_gamma,Delta_over_gamma,low_rank_winner,low_rank_min,best_high_k,best_high_gap,higher_rank_margin,global_winner_among_1_to_Kmax
0.2,0.05,1,0.09798250938446462,3,0.28442998590636354,0.1864474765218989,1
0.2,0.052333333333333336,1,0.09779639356605638,3,0.2846847735292099,0.18688837996315352,1
0.2,0.05466666666666667,1,0.09760295691262122,3,0.28495133116421706,0.18734837425159584,1
0.2,0.057,1,0.09740234009582235,3,0.2852296776887129,0.18782733759289053,1
0.2,0.059333333333333335,1,0.09719468690617461,3,0.2855198324977823,0.18832514559160768,1
0.2,0.06166666666666667,1,0.09698014395597152,3,0.28582181546007884,0.18884167150410733,1
0.2,0.064,1,0.09675886038493828,3,0.2861356468707244,0.18937678648578612,1
0.2,0.06633333333333333,1,0.09653098756964293,3,0.2864613474011404,0.18993035983149745,1
0.2,0.06866666666666667,1,0.0962966788376205,3,0.28679893804568396,0.19050225920806346,1
0.2,0.07100000000000001,1,0.09605608918710334,3,0.28714844006493406,0.19109235087783072,1
0.2,0.07333333333333333,1,0.0958093750131554,3,0.28750987492546115,0.19170049991230576,1
0.2,0.07566666666666666,1,0.09555669384094617,3,0.28788326423595917,0.192326570395013,1
0.2,0.078,1,0.09529820406681347,3,0.2882686296795173,0.1929704256127038,1
0.2,0.08033333333333334,1,0.09503406470768283,3,0.2886659929419258,0.19363192823424297,1
0.2,0.08266666666666667,1,0.09476443515934602,3,0.289075375635783,0.194310940476437,1
0.2,0.08499999999999999,1,0.09448947496401311,3,0.2894967992202727,0.1950073242562596,1
0.2,0.08733333333333333,1,0.09420934358748553,3,0.2899302849163964,0.19572094132891085,1
0.2,0.08966666666666667,1,0.09392420020623027,3,0.2903758536174973,0.19645165341126702,1
0.2,0.092,1,0.0936342035045615,3,0.29083352579486765,0.19719932229030615,1
0.2,0.09433333333333332,1,0.09333951148207614,3,0.2913033213982718,0.19796380991619567,1
0.2,0.09666666666666666,1,0.09304028127143413,3,0.29178525975118996,0.19874497847975583,1
0.2,0.099,1,0.09273666896650656,3,0.29227935944055955,0.19954269047405299,1
0.2,0.10133333333333333,1,0.0924288294608801,3,0.2927856382008957,0.2003568087400156,1
0.2,0.10366666666666666,1,0.09211691629663946,3,0.29330411279252255,0.2011871964958831,1
0.2,0.106,1,0.0918010815233237,3,0.29383479887380337,0.20203371735047967,1
0.2,0.10833333333333334,1,0.09148147556690203,3,0.2943777108671528,0.20289623530025078,1
0.2,0.11066666666666666,1,0.09115824710858217,3,0.2949328618186713,0.20377461471008912,1
0.2,0.113,1,0.09083154297323795,3,0.295500263251259,0.20466872027802105,1
0.2,0.11533333333333333,1,0.09050150802720688,3,0.29607992501104125,0.20557841698383436,1
0.2,0.11766666666666666,1,0.09016828508519253,3,0.29667185510698235,0.20650357002178982,1
0.2,0.12,1,0.08983201482598543,3,0.2972760595435818,0.2074440447175964,1
0.20500000000000002,0.05,1,0.10461608011738015,3,0.28582961684671093,0.18121353672933077,1
0.20500000000000002,0.052333333333333336,1,0.10440529601739643,3,0.2860723902440438,0.18166709422664737,1
0.20500000000000002,0.05466666666666667,1,0.10418635019163758,3,0.28632635065371365,0.18214000046207607,1
0.20500000000000002,0.057,1,0.10395941542303902,3,0.2865915123869031,0.1826320969638641,1
0.20500000000000002,0.059333333333333335,1,0.10372466791194399,3,0.28686789010629343,0.18314322219434945,1
0.20500000000000002,0.06166666666666667,1,0.10348228688442715,3,0.2871554987873998,0.18367321190297267,1
0.20500000000000002,0.064,1,0.10323245420667404,3,0.2874543536774941,0.18422189947082007,1
0.20500000000000002,0.06633333333333333,1,0.10297535400680266,3,0.28776447025203306,0.1847891162452304,1
0.20500000000000002,0.06866666666666667,1,0.10271117230539237,3,0.28808586416846527,0.1853746918630729,1
0.20500000000000002,0.07100000000000001,1,0.10244009665585224,3,0.2884185512173318,0.18597845456147954,1
0.20500000000000002,0.07333333333333333,1,0.10216231579564389,3,0.2887625472705541,0.18660023147491023,1
0.20500000000000002,0.07566666666666666,1,0.10187801930924442,3,0.28911786822677427,0.18723984891752984,1
0.20500000000000002,0.078,1,0.10158739730360847,3,0.2894845299536598,0.18789713265005134,1
0.20500000000000002,0.08033333333333334,1,0.10129064009677285,3,0.2898625482270275,0.18857190813025465,1
0.20500000000000002,0.08266666666666667,1,0.10098793792012464,3,0.2902519386666955,0.18926400074657088,1
0.20500000000000002,0.08499999999999999,1,0.1006794806347466,3,0.2906527166689088,0.1899732360341622,1
0.20500000000000002,0.08733333333333333,1,0.10036545746214454,3,0.2910648973352437,0.19069943987309917,1
0.20500000000000002,0.08966666666666667,1,0.10004605672955372,3,0.29148849539783456,0.19144243866828084,1
0.20500000000000002,0.092,1,0.09972146562994413,3,0.2919235251408276,0.19220205951088346,1
0.20500000000000002,0.09433333333333332,1,0.09939186999673674,3,0.29237000031791527,0.19297813032117853,1
0.20500000000000002,0.09666666666666666,1,0.09905745409317532,3,0.2928279340658132,0.19377047997263788,1
0.20500000000000002,0.099,1,0.0987184004162252,3,0.2932973388135951,0.1945789383973699,1
0.20500000000000002,0.10133333333333333,1,0.09837488951479073,3,0.2937782261877132,0.19540333667292248,1
0.20500000000000002,0.10366666666666666,1,0.09802709982200478,3,0.29427060691262324,0.19624350709061847,1
0.20500000000000002,0.106,1,0.09767520750127143,3,0.2947744907068701,0.1970992832055987,1
0.20500000000000002,0.10833333333333334,1,0.09731938630570866,3,0.29528988617453616,0.1979704998688275,1
0.20500000000000002,0.11066666666666666,1,0.09695980745060015,3,0.29581680069195365,0.1988569932413535,1
0.20500000000000002,0.113,1,0.09659663949841979,3,0.2963552402895563,0.1997586007911365,1
0.20500000000000002,0.11533333333333333,1,0.09623004825598139,3,0.29690520952881827,0.20067516127283688,1
0.20500000000000002,0.11766666666666666,1,0.0958601966832304,3,0.29746671137417346,0.20160651469094307,1
0.20500000000000002,0.12,1,0.09548724481318879,3,0.2980397470598638,0.202552502246675,1
0.21000000000000002,0.05,1,0.11172713421624471,3,0.28726764261571974,0.17554050839947505,1
0.21000000000000002,0.052333333333333336,1,0.11148677757780698,3,0.28749933889444196,0.17601256131663498,1
0.21000000000000002,0.05466666666666667,1,0.11123729467640475,3,0.28774168900162517,0.17650439432522042,1
0.21000000000000002,0.057,1,0.11097890071358713,3,0.28799470362667384,0.17701580291308672,1
0.21000000000000002,0.059333333333333335,1,0.11071181451565254,3,0.28825839368373046,0.17754657916807792,1
0.21000000000000002,0.06166666666666667,1,0.11043625800955931,3,0.28853277027796886,0.17809651226840956,1
0.21000000000000002,0.064,1,0.11015245571107199,3,0.2888178446698861,0.1786653889588141,1
0.21000000000000002,0.06633333333333333,1,0.10986063422698819,3,0.2891136282375504,0.1792529940105622,1
0.21000000000000002,0.06866666666666667,1,0.10956102177307181,3,0.2894201324366888,0.17985911066361698,1
0.21000000000000002,0.07100000000000001,1,0.10925384770910573,3,0.2897373687585824,0.18048352104947668,1
0.21000000000000002,0.07333333333333333,1,0.10893934209227901,3,0.29006534868567146,0.18112600659339245,1
0.21000000000000002,0.07566666666666666,1,0.10861773524990823,3,0.2904040836447859,0.1817863483948777,1
0.21000000000000002,0.078,1,0.10828925737230022,3,0.2907535849579273,0.18246432758562708,1
0.21000000000000002,0.08033333333333334,1,0.10795413812637969,3,0.29111386379052767,0.18315972566414798,1
0.21000000000000002,0.08266666666666667,1,0.1076126062905226,3,0.29148493109707385,0.18387232480655125,1
0.21000000000000002,0.08499999999999999,1,0.10726488941086909,3,0.29186679756404454,0.18460190815317545,1
0.21000000000000002,0.08733333333333333,1,0.10691121347923907,3,0.292259473550061,0.18534826007082192,1
0.21000000000000002,0.08966666666666667,1,0.10655180263262781,3,0.29266296902313865,0.18611116639051084,1
0.21000000000000002,0.092,1,0.10618687887413256,3,0.29307729349501227,0.1868904146208797,1
0.21000000000000002,0.09433333333333332,1,0.10581666181503266,3,0.2935024559523849,0.18768579413735223,1
0.21000000000000002,0.09666666666666666,1,0.1054413684376678,3,0.2939384647850537,0.1884970963473859,1
0.21000000000000002,0.099,1,0.1050612128786301,3,0.2943853277108227,0.1893241148321926,1
0.21000000000000002,0.10133333333333333,1,0.10467640623174404,3,0.29484305169711805,0.190166645465374,1
0.21000000000000002,0.10366666666666666,1,0.10428715637021069,3,0.29531164287921213,0.19102448650900145,1
0.21000000000000002,0.106,1,0.10389366778725737,3,0.2957911064750187,0.19189743868776135,1
0.21000000000000002,0.10833333333333334,1,0.10349614145457234,3,0.29628144669633916,0.19278530524176682,1
0.21000000000000002,0.11066666666666666,1,0.10309477469777673,3,0.2967826666565393,0.19368789195876257,1
0.21000000000000002,0.113,1,0.10268976108815603,3,0.29729476827456836,0.19460500718641233,1
0.21000000000000002,0.11533333333333333,1,0.10228129034985833,3,0.2978177521752691,0.1955364618254108,1
0.21000000000000002,0.11766666666666666,1,0.10186954828173808,3,0.2983516175859535,0.19648206930421544,1
0.21000000000000002,0.12,1,0.10145471669305076,3,0.2988963622291858,0.19744164553613505,1
0.215,0.05,1,0.11938914924371608,3,0.28874253838279385,0.16935338913907777,1
0.215,0.052333333333333336,1,0.11911271121070544,3,0.28896400253186894,0.1698512913211635,1
0.215,0.05466666666666667,1,0.11882603623143273,3,0.28919563145131383,0.1703695952198811,1
0.215,0.057,1,0.11852939684404792,3,0.2894374329487906,0.17090803610474267,1
0.215,0.059333333333333335,1,0.11822306917540712,3,0.28968941495966677,0.17146634578425965,1
0.215,0.06166666666666667,1,0.11790733222902777,3,0.2899515855176969,0.17204425328866912,1
0.215,0.064,1,0.11758246719691726,3,0.2902239527240294,0.17264148552711214,1
0.215,0.06633333333333333,1,0.11724875679763783,3,0.2905065247145147,0.1732577679168769,1
0.215,0.06866666666666667,1,0.1169064846425939,3,0.2907993096252641,0.17389282498267022,1
0.215,0.07100000000000001,1,0.1165559346321628,3,0.291102315556361,0.17454638092419822,1
0.215,0.07333333333333333,1,0.11619739038295054,3,0.29141555053374485,0.1752181601507943,1
0.215,0.07566666666666666,1,0.11583113468711365,3,0.2917390224691364,0.17590788778202276,1
0.215,0.078,1,0.11545744900438373,3,0.29207273911798776,0.17661529011360402,1
0.215,0.08033333333333334,1,0.11507661298713961,3,0.2924167080353942,0.1773400950482546,1
0.215,0.08266666666666667,1,0.1146889040386033,3,0.29277093652989755,0.17808203249129426,1
0.215,0.08499999999999999,1,0.11429459690399804,3,0.29313543161512945,0.1788408347111314,1
0.215,0.08733333333333333,1,0.11389396329429338,3,0.29351019995922667,0.1796162366649333,1
0.215,0.08966666666666667,1,0.11348727154195518,3,0.29389524783197946,0.18040797629002428,1
0.215,0.092,1,0.11307478628797052,3,0.2942905810496129,0.1812157947616424,1
0.215,0.09433333333333332,1,0.11265676819925294,3,0.2946962049171944,0.18203943671794146,1
0.215,0.09666666666666666,1,0.11223347371543374,3,0.29511212416856514,0.1828786504531314,1
0.215,0.099,1,0.11180515482391434,3,0.29553834290377123,0.1837331880798569,1
0.215,0.10133333333333333,1,0.11137205886201049,3,0.2959748645239123,0.18460280566190182,1
0.215,0.10366666666666666,1,0.11093442834492379,3,0.29642169166337556,0.18548726331845178,1
0.215,0.106,1,0.11049250081825421,3,0.2968788261194084,0.1863863253011542,1
0.215,0.10833333333333334,1,0.11004650873372412,3,0.297346268778967,0.1872997600452429,1
0.215,0.11066666666666666,1,0.10959667934677972,3,0.29782401954281346,0.18822734019603374,1
0.215,0.113,1,0.10914323463472317,3,0.2983120772468163,0.18916884261209313,1
0.215,0.11533333333333333,1,0.10868639123404286,3,0.2988104395804359,0.19012404834639304,1
0.215,0.11766666666666666,1,0.10822636039562619,3,0.29931910300234665,0.19109274260672046,1
0.215,0.12,1,0.10776334795656217,3,0.2998380626532061,0.19207471469664394,1
0.22,0.05,1,0.12769914286227566,3,0.2902528715619788,0.16255372869970316,1
0.22,0.052333333333333336,1,0.12737770407050347,3,0.2904648684114215,0.16308716434091802,1
0.22,0.05466666666666667,1,0.12704474836934126,3,0.2906865802850497,0.1636418319157084,1
0.22,0.057,1,0.12670062792975312,3,0.290918012691468,0.16421738476171488,1
0.22,0.059333333333333335,1,0.12634569789661904,3,0.2911591711925248,0.1648134732959058,1
0.22,0.06166666666666667,1,0.12598031540767066,3,0.2914100613778075,0.16542974597013685,1
0.22,0.064,1,0.12560483865875316,3,0.2916706888377595,0.16606585017900632,1
0.22,0.06633333333333333,1,0.1252196260181272,3,0.29194105913538704,0.16672143311725984,1
0.22,0.06866666666666667,1,0.12482503519187263,3,0.29222117777647716,0.16739614258460453,1
0.22,0.07100000000000001,1,0.12442142244182627,3,0.2925110501783521,0.16808962773652583,1
0.22,0.07333333333333333,1,0.12400914185691217,3,0.2928106816370518,0.16880153978013965,1
0.22,0.07566666666666666,1,0.12358854467818134,3,0.29312007729296435,0.16953153261478301,1
0.22,0.078,1,0.12315997867740264,3,0.2934392420948065,0.17027926341740385,1
0.22,0.08033333333333334,1,0.12272378758861713,3,0.2937681807619709,0.1710443931733538,1
0.22,0.08266666666666667,1,0.12228031059168198,3,0.29410689774514415,0.17182658715346216,1
0.22,0.08499999999999999,1,0.12182988184650706,3,0.2944553971851953,0.17262551533868825,1
0.22,0.08733333333333333,1,0.1213728300764162,3,0.29481368287026344,0.17344085279384724,1
0.22,0.08966666666666667,1,0.12090947819881745,3,0.2951817581910207,0.17427227999220327,1
0.22,0.092,1,0.12044014300120187,3,0.29555962609406616,0.1751194830928643,1
0.22,0.09433333333333332,1,0.11996513486032559,3,0.2959472890333995,0.17598215417307392,1
0.22,0.09666666666666666,1,0.11948475750233772,3,0.2963447489199621,0.17685999141762437,1
0.22,0.099,1,0.11899930780153409,3,0.2967520070691606,0.17775269926762652,1
0.22,0.10133333333333333,1,0.11850907561538965,3,0.29716906414639505,0.1786599885310054,1
0.22,0.10366666666666666,1,0.11801434365348659,3,0.29759592011051583,0.17958157645702924,1
0.22,0.106,1,0.11751538737799033,3,0.2980325741551844,0.18051718677719408,1
0.22,0.10833333333333334,1,0.11701247493333722,3,0.29847902464813,0.18146654971479276,1
0.22,0.11066666666666666,1,0.11650586710285493,3,0.298935269068246,0.1824294019653911,1
0.22,0.113,1,0.11599581729010144,3,0.2994013039405314,0.18340548665042994,1
0.22,0.11533333333333333,1,0.11548257152277225,3,0.2998771247688395,0.18439455324606724,1
0.22,0.11766666666666666,1,0.11496636847712621,3,0.3003627259664333,0.1853963574893071,1
0.22,0.12,1,0.11444743952095404,3,0.3008581007843292,0.18641066126337513,1
0.225,0.05,1,0.13678986816184638,3,0.29179728644289776,0.15500741828105138,1
0.225,0.052333333333333336,1,0.1364106998044645,3,0.2920005107236517,0.1555898109191872,1
0.225,0.05466666666666667,1,0.1360185503153834,3,0.29221303549128186,0.15619448517589846,1
0.225,0.057,1,0.13561388607483377,3,0.2924348644160291,0.15682097834119535,1
0.225,0.059333333333333335,1,0.13519717447620772,3,0.29266600116412694,0.15746882668791923,1
0.225,0.06166666666666667,1,0.13476888256367392,3,0.2929064493756262,0.1581375668119523,1
0.225,0.064,1,0.13432947576076126,3,0.29315621264106084,0.15882673688029958,1
0.225,0.06633333333333333,1,0.13387941669196124,3,0.29341529447693093,0.1595358777849697,1
0.225,0.06866666666666667,1,0.1334191640982306,3,0.2936836982999518,0.16026453420172118,1
0.225,0.07100000000000001,1,0.13294917184622035,3,0.29396142740006553,0.16101225555384518,1
0.225,0.07333333333333333,1,0.13246988803012105,3,0.29424848491217975,0.1617785968820587,1
0.225,0.07566666666666666,1,0.1319817541642179,3,0.29454487378658994,0.16256311962237205,1
0.225,0.078,1,0.13148520446355214,3,0.29485059675807784,0.1633653922945257,1
0.225,0.08033333333333334,1,0.13098066520951085,3,0.29516565631364267,0.16418499110413182,1
0.225,0.08266666666666667,1,0.1304685541967193,3,0.2954900546588359,0.16502150046211658,1
0.225,0.08499999999999999,1,0.12994928025723795,3,0.29582379368266903,0.16587451342543108,1
0.225,0.08733333333333333,1,0.12942324285780876,3,0.29616687492108257,0.1667436320632738,1
0.225,0.08966666666666667,1,0.12889083176571453,3,0.29651929951891826,0.16762846775320372,1
0.225,0.092,1,0.12835242677870665,3,0.29688106819038257,0.16852864141167592,1
0.225,0.09433333333333332,1,0.12780839751443193,3,0.29725218117798474,0.1694437836635528,1
0.225,0.09666666666666666,1,0.12725910325479314,3,0.29763263820988906,0.1703735349550959,1
0.225,0.099,1,0.12670489284075528,3,0.29802243845570425,0.17131754561494897,1
0.225,0.10133333333333333,1,0.12614610461322065,3,0.2984215804806355,0.17227547586741485,1
0.225,0.10366666666666666,1,0.12558306639573127,3,0.298830062198004,0.17324699580227274,1
0.225,0.106,1,0.12501609551493378,3,0.29924788082012344,0.17423178530518965,1
0.225,0.10833333333333334,1,0.12444549885491615,3,0.2996750328074908,0.17522953395257465,1
0.225,0.11066666666666666,1,0.12387157294174708,3,0.30011151381628626,0.17623994087453917,1
0.225,0.113,1,0.12329460405474635,3,0.30055731864417157,0.17726271458942522,1
0.225,0.11533333333333333,1,0.1227148683612298,3,0.30101244117437675,0.17829757281314695,1
0.225,0.11766666666666666,1,0.12213263207171482,3,0.30147687431807074,0.17934424224635592,1
0.225,0.12,1,0.12154815161275251,3,0.301950609955005,0.1804024583422525,1
0.23,0.05,1,0.14685161833518484,3,0.29337449155074125,0.1465228732155564,1
0.23,0.052333333333333336,1,0.14639556118727237,3,0.29356957641211673,0.14717401522484436,1
0.23,0.05466666666666667,1,0.14592489741016862,3,0.2937735789108178,0.14784868150064917,1
0.23,0.057,1,0.14544026342620414,3,0.2939865012442076,0.14854623781800347,1
0.23,0.059333333333333335,1,0.14494229150259647,3,0.29420834556160674,0.14926605405901028,1
0.23,0.06166666666666667,1,0.14443160788519305,3,0.2944391139449976,0.15000750605980456,1
0.23,0.064,1,0.14390883111473157,3,0.2946788083887595,0.1507699772740279,1
0.23,0.06633333333333333,1,0.14337457052277108,3,0.29492743077838207,0.151552860255611,1
0.23,0.06866666666666667,1,0.14282942490254802,3,0.2951849828681655,0.1523555579656175,1
0.23,0.07100000000000001,1,0.14227398134841462,3,0.29545146625788193,0.1531774849094673,1
0.23,0.07333333333333333,1,0.1417088142562448,3,0.29572688236836564,0.15401806811212085,1
0.23,0.07566666666666666,1,0.14113448447622576,3,0.296011232416017,0.15487674793979125,1
0.23,0.078,1,0.14055153860874647,3,0.29630451738620234,0.15575297877745586,1
0.23,0.08033333333333334,1,0.13996050843363006,3,0.29660673800552884,0.15664622957189878,1
0.23,0.08266666666666667,1,0.1393619104627181,3,0.29691789471296814,0.15755598425025005,1
0.23,0.08499999999999999,1,0.1387562456057445,3,0.29723798762979875,0.15848174202405424,1
0.23,0.08733333333333333,1,0.13814399893952464,3,0.29756701652838335,0.1594230175888587,1
0.23,0.08966666666666667,1,0.13752563957070163,3,0.2979049807997075,0.16037934122900588,1
0.23,0.092,1,0.13690162058261807,3,0.2982518794197043,0.16135025883708626,1
0.23,0.09433333333333332,1,0.13627237905727674,3,0.2986077109143305,0.1623353318570538,1
0.23,0.09666666666666666,1,0.13563833616380447,3,0.29897247332336185,0.16333413715955739,1
0.23,0.099,1,0.13499989730535544,3,0.29934616416291443,0.164346266857559,1
0.23,0.10133333333333333,1,0.13435745231688762,3,0.29972878038666734,0.16537132806977972,1
0.23,0.10366666666666666,1,0.13371137570682,3,0.3001203183457636,0.16640894263894357,1
0.23,0.106,1,0.13306202693609043,3,0.3005207737473835,0.16745874681129308,1
0.23,0.10833333333333334,1,0.13240975072869515,3,0.3009301416119873,0.16852039088329213,1
0.23,0.11066666666666666,1,0.13175487740829728,3,0.3013484162291978,0.1695935388209005,1
0.23,0.113,1,0.13109772325601476,3,0.301775591112338,0.17067786785632322,1
0.23,0.11533333333333333,1,0.13043859088495613,3,0.3022116589516056,0.1717730680666495,1
0.23,0.11766666666666666,1,0.12977776962755727,3,0.3026566115658823,0.17287884193832503,1
0.23,0.12,1,0.1291155359321749,3,0.3031104398531991,0.17399490392102418,1
0.23500000000000001,0.05,1,0.15817494172161328,3,0.2949832492045749,0.13680830748296163,1
0.23500000000000001,0.052333333333333336,1,0.1576109652477985,3,0.2951707734685976,0.1375598082207991,1
0.23500000000000001,0.05466666666666667,1,0.15703076157717968,3,0.2953668611673584,0.1383360995901787,1
0.23500000000000001,0.057,1,0.15643523059226522,3,0.29557151331612236,0.13913628272385714,1
0.23500000000000001,0.059333333333333335,1,0.1558252547527244,3,0.2957847308482625,0.1399594760955381,1
0.23500000000000001,0.06166666666666667,1,0.15520169677384188,3,0.29600651459845095,0.14080481782460907,1
0.23500000000000001,0.064,1,0.15456539767562363,3,0.29623686528502297,0.14167146760939933,1
0.23500000000000001,0.06633333333333333,1,0.15391717517916603,3,0.2964757834914788,0.14255860831231276,1
0.23500000000000001,0.06866666666666667,1,0.15325782242486397,3,0.2967232696471355,0.14346544722227156,1
0.23500000000000001,0.07100000000000001,1,0.15258810698586006,3,0.2969793240068937,0.14439121702103364,1
0.23500000000000001,0.07333333333333333,1,0.1519087701496876,3,0.297243946630108,0.1453351764804204,1
0.23500000000000001,0.07566666666666666,1,0.1512205264412238,3,0.2975171373585572,0.14629661091733343,1
0.23500000000000001,0.078,1,0.15052406336069907,3,0.2977988957934818,0.14727483243278272,1
0.23500000000000001,0.08033333333333334,1,0.14982004131152873,3,0.2980892212716866,0.14826917996015784,1
0.23500000000000001,0.08266666666666667,1,0.1491090936940419,3,0.2983881128406963,0.14927901914665437,1
0.23500000000000001,0.08499999999999999,1,0.14839182714265442,3,0.29869556923291624,0.15030374209026182,1
0.23500000000000001,0.08733333333333333,1,0.14766882188567576,3,0.2990115888388395,0.15134276695316373,1
0.23500000000000001,0.08966666666666667,1,0.14694063220861936,3,0.29933616967924814,0.15239553747062878,1
0.23500000000000001,0.092,1,0.14620778700357714,3,0.2996693093763876,0.15346152237281044,1
0.23500000000000001,0.09433333333333332,1,0.1454707903889169,3,0.30001100512413303,0.15454021473521615,1
0.23500000000000001,0.09666666666666666,1,0.14473012238517355,3,0.3003612536571143,0.15563113127194075,1
0.23500000000000001,0.099,1,0.14398623963457977,3,0.30072005121879497,0.1567338115842152,1
0.23500000000000001,0.10133333333333333,1,0.14323957615312516,3,0.3010873935284852,0.15784781737536002,1
0.23500000000000001,0.10366666666666666,1,0.14249054410542622,3,0.30146327574730164,0.15897273164187542,1
0.23500000000000001,0.106,1,0.1417395345939265,3,0.30184769244303855,0.16010815784911206,1
0.23500000000000001,0.10833333333333334,1,0.1409869184551315,3,0.30224063755396313,0.16125371909883163,1
0.23500000000000001,0.11066666666666666,1,0.14023304705660083,3,0.3026421043515222,0.1624090572949214,1
0.23500000000000001,0.113,1,0.1394782530894096,3,0.3030520854019653,0.16357383231255573,1
0.23500000000000001,0.11533333333333333,1,0.13872285135160028,3,0.30347057252686366,0.16474772117526337,1
0.23500000000000001,0.11766666666666666,1,0.1379671395189338,3,0.30389755676255514,0.16593041724362134,1
0.23500000000000001,0.12,1,0.13721139889990552,3,0.3043330283184832,0.16712162941857767,1
0.24,0.05,1,0.1712457480989043,3,0.2966223668617335,0.12537661876282918,1
0.24,0.052333333333333336,1,0.17051787671862684,3,0.2968028612352304,0.12628498451660358,1
0.24,0.05466666666666667,1,0.16977289884111577,3,0.2969915908465882,0.12721869200547245,1
0.24,0.057,1,0.16901213135640225,3,0.2971885557608352,0.12817642440443294,1
0.24,0.059333333333333335,1,0.1682368383163554,3,0.2973937559351275,0.1291569176187721,1
0.24,0.06166666666666667,1,0.16744822948402738,3,0.29760719120408546,0.1301589617200581,1
0.24,0.064,1,0.16664745957509014,3,0.29782886126441677,0.13118140168932663,1
0.24,0.06633333333333333,1,0.16583562809341648,3,0.29805876565881656,0.13222313756540008,1
0.24,0.06866666666666667,1,0.1650137796690419,3,0.2982969037591403,0.1332831240900984,1
0.24,0.07100000000000001,1,0.1641829048140942,3,0.29854327474882475,0.13436036993473055,1
0.24,0.07333333333333333,1,0.1633439410201587,3,0.2987978776045587,0.13545393658440003,1
0.24,0.07566666666666666,1,0.16249777412871247,3,0.29906071107718624,0.13656293694847377,1
0.24,0.078,1,0.161645239914253,3,0.2993317736718413,0.13768653375758827,1
0.24,0.08033333333333334,1,0.1607871258274658,3,0.2996110636272791,0.13882393779981328,1
0.24,0.08266666666666667,1,0.15992417285305188,3,0.2998985788944269,0.139974406041375,1
0.24,0.08499999999999999,1,0.1590570774434622,3,0.30019431711410954,0.14113723967064734,1
0.24,0.08733333333333333,1,0.15818649349592123,3,0.3004982755939748,0.14231178209805356,1
0.24,0.08966666666666667,1,0.15731303434552046,3,0.3008104512845657,0.14349741693904522,1
0.24,0.092,1,0.15643727475202543,3,0.30113084075458113,0.1446935660025557,1
0.24,0.09433333333333332,1,0.15555975286224605,3,0.30145944016527376,0.14589968730302771,1
0.24,0.09666666666666666,1,0.15468097213352,3,0.3017962452439882,0.14711527311046818,1
0.24,0.099,1,0.15380140320701624,3,0.3021412512568573,0.14833984804984107,1
0.24,0.10133333333333333,1,0.15292148572226447,3,0.30249445298061134,0.14957296725834687,1
0.24,0.10366666666666666,1,0.15204163006661262,3,0.30285584467352555,0.15081421460691294,1
0.24,0.106,1,0.15116221905522317,3,0.30322542004546543,0.15206320099024226,1
0.24,0.10833333333333334,1,0.15028360953881986,3,0.3036031722270923,0.15331956268827246,1
0.24,0.11066666666666666,1,0.14940613393770014,3,0.30398909373812477,0.15458295980042464,1
0.24,0.113,1,0.1485301017016007,3,0.3043831764547785,0.15585307475317783,1
0.24,0.11533333333333333,1,0.14765580069587542,3,0.3047854115762675,0.15712961088039207,1
0.24,0.11766666666666666,1,0.1467834985150942,3,0.3051957895904533,0.1584122910753591,1
0.24,0.12,1,0.14591344372574283,3,0.3056143002386062,0.15970085651286337,1
0.245,0.05,1,0.1870028090685223,3,0.29829068992520424,0.11128788085668195,1
0.245,0.052333333333333336,1,0.18599060357046876,3,0.29846464234580944,0.11247403877534068,1
0.245,0.05466666666666667,1,0.18496472481243026,3,0.2986465255065554,0.11368180069412515,1
0.245,0.057,1,0.18392703952000672,3,0.2988363387074184,0.11490929918741166,1
0.245,0.059333333333333335,1,0.18287926552173567,3,0.29903408112062035,0.11615481559888469,1
0.245,0.06166666666666667,1,0.18182298043018671,3,0.29923975177780265,0.11741677134761594,1
0.245,0.064,1,0.18075963054902586,3,0.29945334955660646,0.1186937190075806,1
0.245,0.06633333333333333,1,0.17969053978127897,3,0.2996748731666196,0.11998433338534065,1
0.245,0.06866666666666667,1,0.17861691837114718,3,0.2999043211347151,0.12128740276356792,1
0.245,0.07100000000000001,1,0.17753987135845006,3,0.30014169178974626,0.1226018204312962,1
0.245,0.07333333333333333,1,0.1764604066623431,3,0.3003869832465987,0.12392657658425557,1
0.245,0.07566666666666666,1,0.17537944274059708,3,0.30064019338960846,0.12526075064901138,1
0.245,0.078,1,0.17429781579373796,3,0.3009013198553056,0.12660350406156765,1
0.245,0.08033333333333334,1,0.1732162865008548,3,0.3011703600145039,0.12795407351364912,1
0.245,0.08266666666666667,1,0.1721355462869696,3,0.3014473109537141,0.1293117646667445,1
0.245,0.08499999999999999,1,0.17105622313132618,3,0.3017321694558818,0.13067594632455565,1
0.245,0.08733333333333333,1,0.16997888693264576,3,0.30202493198043207,0.1320460450477863,1
0.245,0.08966666666666667,1,0.1689040544518668,3,0.30232559464263287,0.13342154019076607,1
0.245,0.092,1,0.16783219385567044,3,0.3026341531922432,0.13480195933657274,1
0.245,0.09433333333333332,1,0.16676372888559324,3,0.30295060299147,0.13618687410587674,1
0.245,0.09666666666666666,1,0.16569904267809524,3,0.3032749389922014,0.1375758963141062,1
0.245,0.099,1,0.16463848126078462,3,0.30360715571254115,0.13896867445175654,1
0.245,0.10133333333333333,1,0.16358235674939514,3,0.3039472472126048,0.14036489046320966,1
0.245,0.10366666666666666,1,0.1625309502691048,3,0.3042952070696037,0.14176425680049892,1
0.245,0.106,1,0.16148451462262334,3,0.3046510283522055,0.14316651372958214,1
0.245,0.10833333333333334,1,0.16044327672612346,3,0.3050147035941616,0.14457142686803814,1
0.245,0.11066666666666666,1,0.15940743983272707,3,0.3053862247672097,0.14597878493448266,1
0.245,0.113,1,0.15837718556184516,3,0.3057655832532516,0.14738839769140644,1
0.245,0.11533333333333333,1,0.1573526757512972,3,0.30615276981579814,0.14880009406450095,1
0.245,0.11766666666666666,1,0.1563340541477971,3,0.3065477745707077,0.1502137204229106,1
0.245,0.12,1,0.155321447950115,3,0.3069505869561879,0.1516291390060729,1
0.25,0.05,1,0.20782977563331673,3,0.299987095758556,0.09215732012523925,1
0.25,0.052333333333333336,1,0.20616388087688406,3,0.3001549560163096,0.09399107513942553,1
0.25,0.05466666666666667,1,0.20451947256160496,3,0.30033046419130877,0.0958109916297038,1
0.25,0.057,1,0.20289603987706925,3,0.3005136189665617,0.09761757908949245,1
0.25,0.059333333333333335,1,0.20129309300510217,3,0.30070441888213373,0.09941132587703155,1
0.25,0.06166666666666667,1,0.1997101618829789,3,0.30090286232394364,0.10119270044096473,1
0.25,0.064,1,0.19814679505981247,3,0.3011089475120083,0.10296215245219581,1
0.25,0.06633333333333333,1,0.19660255863763537,3,0.3013226724881604,0.10472011385052504,1
0.25,0.06866666666666667,1,0.19507703528959958,3,0.30154403510324274,0.10646699981364316,1
0.25,0.07100000000000001,1,0.19356982334850698,3,0.30177303300374836,0.10820320965524138,1
0.25,0.07333333333333333,1,0.19208053595957925,3,0.30200966361791953,0.10992912765834029,1
0.25,0.07566666666666666,1,0.19060880029200067,3,0.30225392414129737,0.1116451238492967,1
0.25,0.078,1,0.18915425680429016,3,0.30250581152170186,0.1133515547174117,1
0.25,0.08033333333333334,1,0.18771655855906572,3,0.3027653224436616,0.1150487638845959,1
0.25,0.08266666666666667,1,0.18629537058318113,3,0.30303245331226364,0.11673708272908251,1
0.25,0.08499999999999999,1,0.18489036926959596,3,0.30330720023643415,0.1184168309668382,1
0.25,0.08733333333333333,1,0.18350124181768546,3,0.3035895590116414,0.12008831719395596,1
0.25,0.08966666666666667,1,0.18212768570899635,3,0.3038795251020028,0.12175183939300643,1
0.25,0.092,1,0.1807694082157334,3,0.30417709362182116,0.12340768540608776,1
0.25,0.09433333333333332,1,0.17942612593949342,3,0.30448225931652323,0.1250561333770298,1
0.25,0.09666666666666666,1,0.17809756437800037,3,0.30479501654298985,0.12669745216498948,1
0.25,0.099,1,0.17678345751777358,3,0.305115359249306,0.12833190173153242,1
0.25,0.10133333333333333,1,0.17548354745084999,3,0.3054432809539024,0.1299597335030524,1
0.25,0.10366666666666666,1,0.1741975840138354,3,0.30577877472409354,0.13158119071025814,1
0.25,0.106,1,0.17292532444771636,3,0.3061218331540131,0.13319650870629673,1
0.25,0.10833333333333334,1,0.1716665330769656,3,0.3064724483419515,0.13480591526498586,1
0.25,0.11066666666666666,1,0.17042098100663386,3,0.30683061186707544,0.13640963086044158,1
0.25,0.113,1,0.1691884458361896,3,0.3071963147655747,0.13800786892938507,1
0.25,0.11533333333333333,1,0.16796871138898967,3,0.3075695475061669,0.13960083611717722,1
0.25,0.11766666666666666,1,0.1667615674563434,3,0.30795029996504886,0.14118873250870545,1
0.25,0.12,1,0.1655668095552103,3,0.30833856140023175,0.14277175184502144,1
0.255,0.05,1,0.25133151717387514,3,0.3017104887048127,0.050378971530937566,1
0.255,0.052333333333333336,1,0.24255653505097102,3,0.3018726724541807,0.05931613740320968,1
0.255,0.05466666666666667,1,0.23702082929597335,3,0.3020422411878352,0.06502141189186184,1
0.255,0.057,1,0.23262768481653484,3,0.30221919309025763,0.06959150827372279,1
0.255,0.059333333333333335,1,0.2288662348673895,3,0.3024035261914754,0.07353729132408593,1
0.255,0.06166666666666667,1,0.22551741215997095,3,0.30259523835721575,0.07707782619724479,1
0.255,0.064,1,0.22246410311515016,3,0.3027943272786083,0.08033022416345811,1
0.255,0.06633333333333333,1,0.21963536449260154,3,0.3030007904614273,0.08336542596882576,1
0.255,0.06866666666666667,1,0.216984558589361,3,0.3032146252148741,0.08623006662551308,1
0.255,0.07100000000000001,1,0.2144791911253604,3,0.303435828639899,0.08895663751453858,1
0.255,0.07333333333333333,1,0.21209561258483267,3,0.30366439761704517,0.0915687850322125,1
0.255,0.07566666666666666,1,0.20981601450562903,3,0.30390032879382556,0.09408431428819652,1
0.255,0.078,1,0.20762661450235292,3,0.3041436185716266,0.09651700406927366,1
0.255,0.08033333333333334,1,0.20551650280870404,3,0.3043942630921111,0.09887776028340706,1
0.255,0.08266666666666667,1,0.20347687856924168,3,0.30465225822316416,0.10117537965392248,1
0.255,0.08499999999999999,1,0.20150052671265334,3,0.3049175995443273,0.10341707283167395,1
0.255,0.08733333333333333,1,0.19958144920552778,3,0.30519028233175616,0.10560883312622837,1
0.255,0.08966666666666667,1,0.19771459868046376,3,0.3054703015426687,0.10775570286220493,1
0.255,0.092,1,0.19589568189292048,3,0.305757651799312,0.10986196990639155,1
0.255,0.09433333333333332,1,0.1941210119876568,3,0.3060523273724118,0.11193131538475498,1
0.255,0.09666666666666666,1,0.1923873956223075,3,0.30635432216414454,0.11396692654183704,1
0.255,0.099,1,0.19069204546053115,3,0.30666362969056987,0.11597158423003873,1
0.255,0.10133333333333333,1,0.18903251144400085,3,0.3069802430635929,0.11794773161959204,1
0.255,0.10366666666666666,1,0.1874066261767406,3,0.3073041549724029,0.11989752879566229,1
0.255,0.106,1,0.18581246106071186,3,0.30763535766441075,0.12182289660369888,1
0.255,0.10833333333333334,1,0.18424829072406484,3,0.30797384292567387,0.12372555220160902,1
0.255,0.11066666666666666,1,0.18271256391821766,3,0.30831960206083664,0.12560703814261898,1
0.255,0.113,1,0.18120387951337527,3,0.30867262587254374,0.12746874635916847,1
0.255,0.11533333333333333,1,0.179720966550648,3,0.30903290464037203,0.12931193808972402,1
0.255,0.11766666666666666,1,0.17826266755015968,3,0.30940042809926277,0.1311377605491031,1
0.255,0.12,1,0.17682792445372825,3,0.3097751854174555,0.13294726096372728,1
0.26,0.05,1,0.26039250153388793,3,0.30345979594576444,0.04306729441187651,1
0.26,0.052333333333333336,1,0.26154019133175616,3,0.3036166882018247,0.042076496870068536,1
0.26,0.05466666666666667,1,0.26277935821697124,3,0.3037807208184963,0.04100136260152504,1
0.26,0.057,1,0.264119463442846,3,0.3039518915764977,0.03983242813365173,1
0.26,0.059333333333333335,1,0.265572156052783,3,0.3041301980933803,0.03855804204059732,1
0.26,0.06166666666666667,1,0.26715203053817027,3,0.30431563781488785,0.03716360727671758,1
0.26,0.064,1,0.2688777622431714,3,0.3045082080059,0.03563044576272861,1
0.26,0.06633333333333333,1,0.270773879671225,3,0.3047079057409938,0.03393402606976881,1
0.26,0.06866666666666667,1,0.26565489051678703,3,0.3049147278946052,0.039259837377818185,1
0.26,0.07100000000000001,1,0.251510390945273,3,0.3051286711307784,0.05361828018550541,1
0.26,0.07333333333333333,1,0.24419493908940954,3,0.3053497318925294,0.06115479280311986,1
0.26,0.07566666666666666,1,0.2386603911466086,3,0.3055779063907887,0.06691751524418008,1
0.26,0.078,1,0.23405216573750842,3,0.3058131905929286,0.07176102485542019,1
0.26,0.08033333333333334,1,0.23003111959432776,3,0.30605558021089974,0.07602446061657198,1
0.26,0.08266666666666667,1,0.22642271759241156,3,0.30630507068893625,0.0798823530965247,1
0.26,0.08499999999999999,1,0.22312362762547924,3,0.3065616571908353,0.08343802956535604,1
0.26,0.08733333333333333,1,0.22006694947828323,3,0.3068253345868424,0.08675838510855918,1
0.26,0.08966666666666667,1,0.21720657458957948,3,0.30709609744008604,0.08988952285050655,1
0.26,0.092,1,0.2145092152037898,3,0.30737393999261187,0.09286472478882207,1
0.26,0.09433333333333332,1,0.21194996146687384,3,0.3076588561509805,0.09570889468410665,1
0.26,0.09666666666666666,1,0.2095096313637949,3,0.3079508394714369,0.09844120810764201,1
0.26,0.099,1,0.20717310364019204,3,0.3082498831446592,0.10107677950446714,1
0.26,0.10133333333333333,1,0.20492822303106012,3,0.3085559799800824,0.10362775694902226,1
0.26,0.10366666666666666,1,0.2027650553502931,3,0.3088691223897846,0.10610406703949149,1
0.26,0.106,1,0.20067536528919466,3,0.3091893023719549,0.10851393708276025,1
0.26,0.10833333333333334,1,0.1986522409092476,3,0.30951651149393333,0.11086427058468573,1
0.26,0.11066666666666666,1,0.19668981762596038,3,0.30985074087482506,0.11316092324886468,1
0.26,0.113,1,0.1947830713997053,3,0.31019198116769325,0.11540890976798795,1
0.26,0.11533333333333333,1,0.19292766114577775,3,0.3105402225413381,0.11761256139556037,1
0.26,0.11766666666666666,1,0.19111980683950547,3,0.3108954546616487,0.11977564782214323,1
0.26,0.12,1,0.1893561939622036,3,0.311257666672554,0.1219014727103504,1
0.265,0.05,1,0.2598843167897096,3,0.3052339640694078,0.0453496472796982,1
0.265,0.052333333333333336,1,0.26095746432773104,3,0.3053859222652199,0.04442845793748884,1
0.265,0.05466666666666667,1,0.26211087820596335,3,0.3055447931017536,0.04343391489579024,1
0.265,0.057,1,0.2633515848778939,3,0.305710574031708,0.042358989153814086,1
0.265,0.059333333333333335,1,0.26468800780855645,3,0.30588326233808194,0.041195254529525493,1
0.265,0.06166666666666667,1,0.2661303714735822,3,0.3060628551265518,0.039932483652969586,1
0.265,0.064,1,0.267691270670309,3,0.3062493493175057,0.03855807864719668,1
0.265,0.06633333333333333,1,0.26938649592128383,3,0.3064427416377501,0.03705624571646626,1
0.265,0.06866666666666667,1,0.2712362712350324,3,0.3066430286118399,0.035406757376807485,1
0.265,0.07100000000000001,1,0.273267187324849,3,0.30685020655309064,0.03358301922824164,1
0.265,0.07333333333333333,1,0.2755153761214742,3,0.30706427155423055,0.03154889543275635,1
0.265,0.07566666666666666,1,0.27803206400104374,3,0.30728521947769144,0.029253155476647696,1
0.265,0.078,2,0.2798513022314527,3,0.3075130459455595,0.02766174371410679,2
0.265,0.08033333333333334,2,0.2803043722744633,3,0.3077477463291601,0.027443374054696767,2
0.265,0.08266666666666667,1,0.27486383528773367,3,0.30798931573829724,0.03312548045056357,1
0.265,0.08499999999999999,1,0.25995127048976097,3,0.3082377490101106,0.04828647852034962,1
0.265,0.08733333333333333,1,0.25163743817918593,3,0.3084930406976137,0.05685560251842775,1
0.265,0.08966666666666667,1,0.24535199171597638,3,0.3087551850578132,0.0634031933418368,1
0.265,0.092,1,0.24014640039664453,3,0.3090241760395216,0.06887777564287706,1
0.265,0.09433333333333332,1,0.23563126198637752,3,0.3093000072707735,0.07366874528439599,1
0.265,0.09666666666666666,1,0.23160315826710165,3,0.3095826720458874,0.07797951377878576,1
0.265,0.099,1,0.22794066024785226,3,0.30987216331215905,0.0819315030643068,1
0.265,0.10133333333333333,1,0.22456475051244018,3,0.31016847365619926,0.08560372314375908,1
0.265,0.10366666666666666,1,0.22142078601571863,3,0.31047159528990576,0.08905080927418713,1
0.265,0.106,1,0.21846922610879627,3,0.3107815200360636,0.09231229392726731,1
0.265,0.10833333333333334,1,0.21568043315453783,3,0.3110982393135992,0.09541780615906137,1
0.265,0.11066666666666666,1,0.21303155755907888,3,0.31142174412246765,0.09839018656338877,1
0.265,0.113,1,0.21050457170494524,3,0.3117520250281712,0.10124745332322593,1
0.265,0.11533333333333333,1,0.20808497549665128,3,0.3120890721459499,0.1040040966492986,1
0.265,0.11766666666666666,1,0.20576091377417202,3,0.3124328751245932,0.1066719613504212,1
0.265,0.12,1,0.20352255656945034,3,0.31278342312992347,0.10926086656047312,1
0.27,0.05,1,0.2594221660210455,3,0.30703195623771384,0.047609790216668335,1
0.27,0.052333333333333336,1,0.2604305061393417,3,0.30717931290655964,0.04674880676721793,1
0.27,0.05466666666666667,1,0.26151029071513143,3,0.3073333701454234,0.04582307943029196,1
0.27,0.057,1,0.2626668801494956,3,0.30749412513946855,0.04482724498997298,1
0.27,0.059333333333333335,1,0.2639065665500482,3,0.3076615748992715,0.0437550083492233,1
0.27,0.06166666666666667,1,0.26523680260661087,3,0.30783571625409106,0.0425989136474802,1
0.27,0.064,1,0.2666665090492624,3,0.3080165458448613,0.0413500367955989,1
0.27,0.06633333333333333,1,0.26820649619155695,3,0.30820406011684953,0.03999756392529258,1
0.27,0.06866666666666667,1,0.2698700556824242,3,0.30839825531205717,0.03852819962963294,1
0.27,0.07100000000000001,1,0.2716738143617385,3,0.3085991274612826,0.03692531309954411,1
0.27,0.07333333333333333,1,0.2736390070093693,3,0.308806672375897,0.03516766536652771,1
0.27,0.07566666666666666,1,0.27579344891584523,3,0.309020885639304,0.03322743672345879,1
0.27,0.078,1,0.27817474233824796,3,0.309241762598118,0.031067020259870015,1
0.27,0.08033333333333334,2,0.2808310374221604,3,0.30946929835299475,0.028638260930834325,2
0.27,0.08266666666666667,2,0.2812799142086388,3,0.30970348774919076,0.028423573540551972,2
0.27,0.08499999999999999,2,0.28174208059428174,3,0.30994432536678934,0.0282022447725076,2
0.27,0.08733333333333333,2,0.2822175654806846,3,0.31019180551062414,0.027974240029939534,2
0.27,0.08966666666666667,2,0.28270639726603947,3,0.310445922199892,0.02773952493385251,2
0.27,0.092,2,0.2832086037052366,3,0.3107066691574534,0.02749806545221678,2
0.27,0.09433333333333332,1,0.27920608575143685,3,0.31097403979881655,0.0317679540473797,1
0.27,0.09666666666666666,1,0.26663643356492694,3,0.31124802722081657,0.044611593655889625,1
0.27,0.099,1,0.2582221154648374,3,0.31152862418997684,0.05330650872513942,1
0.27,0.10133333333333333,1,0.25162291243909735,3,0.3118158231305591,0.060192910691461765,1
0.27,0.10366666666666666,1,0.24608443857967985,3,0.3121096161123083,0.06602517753262846,1
0.27,0.106,1,0.24125478467643505,3,0.31240999483788395,0.0711552101614489,1
0.27,0.10833333333333334,1,0.23693788521570097,3,0.31271695062997973,0.07577906541427876,1
0.27,0.11066666666666666,1,0.2330120620216892,3,0.3130304744181428,0.0800184123964536,1
0.27,0.113,1,0.22939606301156779,3,0.3133505567252874,0.0839544937137196,1
0.27,0.11533333333333333,1,0.2260326629168231,3,0.3136771876539049,0.08764452473708179,1
0.27,0.11766666666666666,1,0.22287988879201948,3,0.3140103568719777,0.09113046807995823,1
0.27,0.12,1,0.21990595313102188,3,0.3143500535985927,0.09444410046757082,1
0.275,0.05,1,0.2589993289425286,3,0.30885274986622707,0.04985342092369849,1
0.275,0.052333333333333336,1,0.25995062121160684,3,0.30899581500171325,0.04904519379010641,1
0.275,0.05466666666666667,1,0.26096624862074713,3,0.30914538316168977,0.048179134540942636,1
0.275,0.057,1,0.2620503899685465,3,0.3093014513119831,0.047251061343436596,1
0.275,0.059333333333333335,1,0.2632078674954929,3,0.3094640162401958,0.04625614874470291,1
0.275,0.06166666666666667,1,0.26444428281270294,3,0.309633074549763,0.045188791737060086,1
0.275,0.064,1,0.2657661926086142,3,0.3098086226537517,0.04404243004513747,1
0.275,0.06633333333333333,1,0.2671813391888356,3,0.3099906567683906,0.04280931757955503,1
0.275,0.06866666666666667,1,0.2686989581052581,3,0.3101791729063552,0.04148021480109709,1
0.275,0.07100000000000001,1,0.27033019660051755,3,0.31037416686976266,0.04004397026924511,1
0.275,0.07333333333333333,1,0.27208869543519776,3,0.31057563424293005,0.038486938807732296,1
0.275,0.07566666666666666,1,0.2739914187246371,3,0.31078357038484333,0.03679215166020622,1
0.275,0.078,1,0.27605987323144565,3,0.31099797042136995,0.0349380971899243,1
0.275,0.08033333333333334,1,0.27832196418111865,3,0.31121882923721306,0.032896865056094404,1
0.275,0.08266666666666667,1,0.2808149424598071,3,0.3114461414675705,0.0306311990077634,1
0.275,0.08499999999999999,2,0.2822644810574142,3,0.3116799014895572,0.029415420432143013,2
0.275,0.08733333333333333,2,0.28272194613542917,3,0.31192010341334586,0.029198157277916692,2
0.275,0.08966666666666667,2,0.2831921757041204,3,0.3121667410730188,0.028974565368898364,2
0.275,0.092,2,0.28367519088171794,3,0.3124198080171859,0.028744617135467943,2
0.275,0.09433333333333332,2,0.28417101198734024,3,0.31267929749930357,0.028508285511963327,2
0.275,0.09666666666666666,2,0.28467965840599324,3,0.3129452024677463,0.02826554406175308,2
0.275,0.099,2,0.2852011484464364,3,0.31321751555559046,0.02801636710915406,2
0.275,0.10133333333333333,2,0.28573549919169877,3,0.3134962290701423,0.027760729878443524,2
0.275,0.10366666666666666,2,0.286282726342012,3,0.3137813349821948,0.027498608640182776,2
0.275,0.106,1,0.2752812918341997,3,0.3140728249150254,0.038791533080825724,1
0.275,0.10833333333333334,1,0.2665335376420852,3,0.3143706901331124,0.04783715249102721,1
0.275,0.11066666666666666,1,0.25950681103181716,3,0.3146749215306093,0.05516811049879211,1
0.275,0.113,1,0.2535575423766399,3,0.3149855096195434,0.0614279672429035,1
0.275,0.11533333333333333,1,0.24835347979792663,3,0.31530244451776523,0.0669489647198386,1
0.275,0.11766666666666666,1,0.24369918107379654,3,0.31562571593663724,0.0719265348628407,1
0.275,0.12,1,0.23946927696059728,3,0.3159553131684715,0.0764860362078742,1
0.28,0.05,1,0.25861046447052966,3,0.3106953347424084,0.05208487027187875,1
0.28,0.052333333333333336,1,0.25951101935374576,3,0.3108343978807473,0.05132337852700153,1
0.28,0.05466666666666667,1,0.26047006596879224,3,0.31097978001266574,0.0505097140438735,1
0.28,0.057,1,0.2614909202315585,3,0.3111314779229762,0.049640557691417675,1
0.28,0.059333333333333335,1,0.26257735531238324,3,0.3112894882155637,0.04871213290318044,1
0.28,0.06166666666666667,1,0.26373368544303954,3,0.3114538073081222,0.047720121865082676,1
0.28,0.064,1,0.2649648708620114,3,0.3116244314266771,0.04665956056466569,1
0.28,0.06633333333333333,1,0.2662766506780787,3,0.31180135659987,0.04552470592179131,1
0.28,0.06866666666666667,1,0.26767571313851213,3,0.311984578652994,0.04430886551448188,1
0.28,0.07100000000000001,1,0.2691699168092391,3,0.3121740932018315,0.04300417639259241,1
0.28,0.07333333333333333,1,0.270768582276866,3,0.31236989564623535,0.04160131336936934,1
0.28,0.07566666666666666,1,0.27248288346484073,3,0.31257198116349333,0.0400890976986526,1
0.28,0.078,1,0.2743263827827594,3,0.31278034470144334,0.03845396191868394,1
0.28,0.08033333333333334,1,0.276315779182281,3,0.31299498097137474,0.03667920178909373,1
0.28,0.08266666666666667,1,0.27847198041739313,3,0.3132158844406786,0.03474390402328548,1
0.28,0.08499999999999999,1,0.2808216853157657,3,0.313443049325279,0.03262136400951332,1
0.28,0.08733333333333333,2,0.28325814595020793,3,0.3136764695818197,0.030418323631611788,2
0.28,0.08966666666666667,2,0.2837109934594361,3,0.3139161388996175,0.03020514544018138,2
0.28,0.092,2,0.284176086197603,3,0.31416205069239755,0.02998596449479457,2
0.28,0.09433333333333332,2,0.28465343905004614,3,0.31441419808976917,0.029760759039723028,2
0.28,0.09666666666666666,2,0.2851430659920464,3,0.31467257392848924,0.029529507936442823,2
0.28,0.099,2,0.2856449799662604,3,0.3149371707434841,0.02929219077722367,2
0.28,0.10133333333333333,2,0.28615919275419904,3,0.315207980758646,0.029048788004446935,2
0.28,0.10366666666666666,2,0.2866857148416363,3,0.3154849958773852,0.028799281035748914,2
0.28,0.106,2,0.287224555277748,3,0.31576820767298236,0.028543652395234376,2
0.28,0.10833333333333334,2,0.28777572152788466,3,0.3160576073786619,0.028281885850777233,2
0.28,0.11066666666666666,2,0.28833921931982187,3,0.316353185877499,0.028013966557677128,2
0.28,0.113,1,0.28796116028981733,3,0.31665493369206,0.02869377340224266,1
0.28,0.11533333333333333,1,0.2783402662448206,3,0.31696284097383504,0.038622574729014425,1
0.28,0.11766666666666666,1,0.2705146796367525,3,0.3172768974924541,0.04676221785570156,1
0.28,0.12,1,0.26387689025100464,3,0.3175970926246805,0.05372020237367586,1
0.28500000000000003,0.05,1,0.25825125200942534,3,0.31255871152186443,0.054307459512439094,1
0.28500000000000003,0.052333333333333336,1,0.2591062887002773,3,0.3126940435835725,0.0535877548832952,1
0.28500000000000003,0.05466666666666667,1,0.2600149336717311,3,0.3128355232109696,0.05282058953923846,1
0.28500000000000003,0.057,1,0.26097985721315164,3,0.31298314703821195,0.052003289825060306,1
0.28500000000000003,0.059333333333333335,1,0.26200406239653284,3,0.3131369115165201,0.05113284911998728,1
0.28500000000000003,0.06166666666666667,1,0.26309093832263425,3,0.31329681290951605,0.050205874586881805,1
0.28500000000000003,0.064,1,0.26424432503257167,3,0.31346284728836027,0.0492185222557886,1
0.28500000000000003,0.06633333333333333,1,0.26546859327544575,3,0.31363501052668813,0.04816641725124238,1
0.28500000000000003,0.06866666666666667,1,0.2667687433914031,3,0.3138132982953371,0.047044554903934,1
0.28500000000000003,0.07100000000000001,1,0.2681505290654854,3,0.31399770605687916,0.045847176991393734,1
0.28500000000000003,0.07333333333333333,1,0.2696206138307997,3,0.3141882290599491,0.04456761522914937,1
0.28500000000000003,0.07566666666666666,1,0.27118677125846125,3,0.31438486233337043,0.043198091074909184,1
0.28500000000000003,0.078,1,0.27285814424972815,3,0.31458760068006586,0.04172945643033771,1
0.28500000000000003,0.08033333333333334,1,0.2746455855134979,3,0.31479643867078194,0.04015085315728406,1
0.28500000000000003,0.08266666666666667,1,0.2765621114201456,3,0.31501137063759327,0.038449259217447684,1
0.28500000000000003,0.08499999999999999,1,0.2786235170330674,3,0.3152323906672206,0.03660887363415316,1
0.28500000000000003,0.08733333333333333,1,0.28084922468329826,3,0.3154594925941229,0.034610267910824666,1
0.28500000000000003,0.08966666666666667,1,0.2832634777938407,3,0.315692669993408,0.0324291921995673,1
0.28500000000000003,0.092,2,0.2847092943330074,3,0.3159319161735187,0.031222621840511278,2
0.28500000000000003,0.09433333333333332,2,0.28516937312455704,3,0.3161772241687339,0.03100785104417686,2
0.28500000000000003,0.09666666666666666,2,0.2856412195366136,3,0.3164285867314585,0.030787367194844928,2
0.28500000000000003,0.099,2,0.28612484213386624,3,0.31668599632431105,0.030561154190444806,2
0.28500000000000003,0.10133333333333333,2,0.28662024838410677,3,0.3169494451120011,0.03032919672789436,2
0.28500000000000003,0.10366666666666666,2,0.2871274445423407,3,0.31721892495304466,0.030091480410703975,2
0.28500000000000003,0.106,2,0.28764643552985825,3,0.3174944273912207,0.029847991861362444,2
0.28500000000000003,0.10833333333333334,2,0.2881772248081562,3,0.3177759436468852,0.029598718838729,2
0.28500000000000003,0.11066666666666666,2,0.28871981424764936,3,0.3180634646080591,0.029343650360409756,2
0.28500000000000003,0.113,2,0.2892742039910719,3,0.31835698082133224,0.029082776830260337,2
0.28500000000000003,0.11533333333333333,2,0.289840392311534,3,0.31865648248257317,0.028816090171039144,2
0.28500000000000003,0.11766666666666666,2,0.29041837546519,3,0.3189619594274492,0.0285435839622592,2
0.28500000000000003,0.12,2,0.2910081475384896,3,0.31927340112176095,0.028265253583271366,2
0.29,0.05,1,0.25791814341786173,3,0.31444189055144567,0.056523747133583935,1
0.29,0.052333333333333336,1,0.25873204092906327,3,0.31457374547399397,0.055841704544930704,1
0.29,0.05466666666666667,1,0.2595954071481998,3,0.3147115883123198,0.05511618116412004,1
0.29,0.057,1,0.26051041930013136,3,0.3148554155739034,0.05434499627377204,1
0.29,0.059333333333333335,1,0.26147950173454476,3,0.31500522358178323,0.05352572184723847,1
0.29,0.06166666666666667,1,0.26250536058288754,3,0.3151610084704042,0.05265564788751664,1
0.29,0.064,1,0.2635910250426953,3,0.31532276618129984,0.051731741138604515,1
0.29,0.06633333333333333,1,0.26473989683654897,3,0.3154904924586115,0.05075059562206252,1
0.29,0.06866666666666667,1,0.26595580982674855,3,0.31566418284440395,0.049708373017655405,1
0.29,0.07100000000000001,1,0.2672431023415446,3,0.31584383267381566,0.04860073033227108,1
0.29,0.07333333333333333,1,0.2686067055363025,3,0.31602943707003855,0.04742273153373605,1
0.29,0.07566666666666666,1,0.2700522521454697,3,0.3162209909391035,0.04616873879363381,1
0.29,0.078,1,0.2715862113800093,3,0.31641848896449415,0.044832277584484825,1
0.29,0.08033333333333334,1,0.27321605763132034,3,0.31662192560158353,0.04340586797026319,1
0.29,0.08266666666666667,1,0.2749504832518017,3,0.3168312950718901,0.041880811820088404,1
0.29,0.08499999999999999,1,0.27679966925674304,3,0.3170465913571536,0.04024692210041053,1
0.29,0.08733333333333333,1,0.27877563266622246,3,0.31726780819323747,0.038492175527015005,1
0.29,0.08966666666666667,1,0.2808926757491325,3,0.3174949390638454,0.03660226331471289,1
0.29,0.092,1,0.2831679708930347,3,0.317727977194068,0.034560006301033286,1
0.29,0.09433333333333332,1,0.2856223248253156,3,0.31796691554374584,0.032344590718430266,1
0.29,0.09666666666666666,2,0.2861721024110269,3,0.3182117468006651,0.03203964438963819,2
0.29,0.099,2,0.28663859918872353,3,0.3184624633735543,0.0318238641848308,2
0.29,0.10133333333333333,2,0.2871164055036759,3,0.3187190573849447,0.03160265188126882,2
0.29,0.10366666666666666,2,0.2876055241735198,3,0.31898152066382157,0.03137599649030176,2
0.29,0.106,2,0.2881059567768239,3,0.3192498447381112,0.03114388796128731,2
0.29,0.10833333333333334,2,0.28861770354460303,3,0.31952402082701514,0.03090631728241211,2
0.29,0.11066666666666666,2,0.28914076324760907,3,0.3198040398331489,0.030663276585539856,2
0.29,0.113,2,0.28967513307934556,3,0.3200898923345257,0.030414759255180168,2
0.29,0.11533333333333333,2,0.2902208085347795,3,0.3203815685763748,0.03016076004159529,2
0.29,0.11766666666666666,2,0.29077778328473053,3,0.3206790584627865,0.029901275178055964,2
0.29,0.12,2,0.2913460490459249,3,0.32098235154821214,0.029636302502287215,2
0.295,0.05,1,0.2576081867808559,3,0.31634389097618293,0.05873570419532703,1
0.295,0.052333333333333336,1,0.2583846648722453,3,0.31647250716428393,0.058087842292038616,1
0.295,0.05466666666666667,1,0.2592070593519813,3,0.3166069626472015,0.05739990329522021,1
0.295,0.057,1,0.2600771642550538,3,0.31674725382459823,0.056670089569544446,1
0.295,0.059333333333333335,1,0.26099696032106107,3,0.3168933769105291,0.055896416589468034,1
0.295,0.06166666666666667,1,0.26196863799238296,3,0.3170453279297421,0.05507668993735915,1
0.295,0.064,1,0.26299462425934883,3,0.3172031027138543,0.05420847845450549,1
0.295,0.06633333333333333,1,0.2640776141151981,3,0.31736669689735075,0.053289082782152664,1
0.295,0.06866666666666667,1,0.26522060755995697,3,0.3175361059134433,0.05231549835348631,1
0.295,0.07100000000000001,1,0.2664269533134204,3,0.31771132498975263,0.05128437167633221,1
0.295,0.07333333333333333,1,0.2677004006747792,3,0.3178923491438539,0.05019194846907471,1
0.295,0.07566666666666666,1,0.26904516131401635,3,0.31807917317865175,0.04903401186463541,1
0.295,0.078,1,0.2704659832139264,3,0.3182717916776016,0.047805808463675215,1
0.295,0.08033333333333334,1,0.27196823951816357,3,0.31847019899977047,0.0465019594816069,1
0.295,0.08266666666666667,1,0.27355803569358994,3,0.31867438927475067,0.04511635358116073,1
0.295,0.08499999999999999,1,0.27524233918585594,3,0.3188843563974035,0.043642017211547535,1
0.295,0.08733333333333333,1,0.27702913660579104,3,0.319100094022458,0.04207095741666694,1
0.295,0.08966666666666667,1,0.27892762432819873,3,0.3193215955589451,0.040393971230746395,1
0.295,0.092,1,0.280948438953208,3,0.3195488541644851,0.038600415211277106,1
0.295,0.09433333333333332,1,0.2831039337767535,3,0.3197818627394015,0.03667792896264799,1
0.295,0.09666666666666666,1,0.2854085049445243,3,0.3200206139207114,0.034612108976187106,1
0.295,0.099,2,0.28718433037519825,3,0.3202651000759261,0.033080769700727874,2
0.295,0.10133333333333333,2,0.28764563469262966,3,0.3205153132967272,0.03286967860409756,2
0.295,0.10366666666666666,2,0.2881178107252842,3,0.3207712453924816,0.03265343466719739,2
0.295,0.106,2,0.2886008573442735,3,0.3210328878835967,0.0324320305393232,2
0.295,0.10833333333333334,2,0.28909477217456264,3,0.32130023199473656,0.03220545982017392,2
0.295,0.11066666666666666,2,0.28959955149775135,3,0.3215732686478885,0.03197371715013714,2
0.295,0.113,2,0.290115190151366,3,0.3218519884552844,0.0317367983039184,2
0.295,0.11533333333333333,2,0.2906416814246746,3,0.322136381712167,0.031494700287492405,2
0.295,0.11766666666666666,2,0.2911790169509956,3,0.32242643838942964,0.031247421438434064,2
0.295,0.12,2,0.2917271865965138,3,0.3227221481260943,0.030994961529580478,2
0.3,0.05,1,0.25731889823857573,3,0.3182637400933715,0.06094484185479576,1
0.3,0.052333333333333336,1,0.25806115080357894,3,0.31838934170977135,0.0603281909061924,1
0.3,0.05466666666666667,1,0.2588462385882667,3,0.318520644346823,0.05967440575855626,1
0.3,0.057,1,0.25967565330856285,3,0.318657644311152,0.05898199100258916,1
0.3,0.059333333333333335,1,0.2605510298493936,3,0.3188003377228131,0.058249307873419476,1
0.3,0.06166666666666667,1,0.2614741617600632,3,0.3189487205120364,0.05747455875197316,1
0.3,0.064,1,0.26244701901525824,3,0.3191027884157944,0.05665576940053618,1
0.3,0.06633333333333333,1,0.2634717684180845,3,0.31926253697426493,0.055790768556180426,1
0.3,0.06866666666666667,1,0.2645507970905171,3,0.3194279615271344,0.054877164436617276,1
0.3,0.07100000000000001,1,0.2656867395776038,3,0.31959905720976506,0.053912317632161255,1
0.3,0.07333333333333333,1,0.2668825091857223,3,0.31977581894923873,0.052893309763516416,1
0.3,0.07566666666666666,1,0.26814133428230774,3,0.31995824146023777,0.05181690717793003,1
0.3,0.078,1,0.26946680040296717,3,0.32014631924080905,0.050679518837841886,1
0.3,0.08033333333333334,1,0.27086289913652056,3,0.32034004656796766,0.0494771474314471,1
0.3,0.08266666666666667,1,0.27233408487727206,3,0.3205394174931896,0.04820533261591753,1
0.3,0.08499999999999999,1,0.2738853406226171,3,0.3207444258377449,0.04685908521512777,1
0.3,0.08733333333333333,1,0.2755222540074382,3,0.32095506518789796,0.045432811180459776,1
0.3,0.08966666666666667,1,0.277251104620972,3,0.3211713288899725,0.043920224269000496,1
0.3,0.092,1,0.27907896319669573,3,0.32139321004528726,0.04231424684859153,1
0.3,0.09433333333333332,1,0.28101380223462286,3,0.32162070150493755,0.04060689927031469,1
0.3,0.09666666666666666,1,0.283064615540136,3,0.32185379586445917,0.03878918032432316,1
0.3,0.099,1,0.2852415402307523,3,0.32209248545835417,0.03685094522760185,1
0.3,0.10133333333333333,1,0.287555967578771,3,0.322336762354464,0.034780794775693014,1
0.3,0.10366666666666666,2,0.28866237328820354,3,0.3225866183482395,0.03392424506003594,2
0.3,0.106,2,0.2891291027515172,3,0.32284204495686236,0.03371294220534515,2
0.3,0.10833333333333334,2,0.2896062882506277,3,0.3231030334132195,0.03349674516259182,2
0.3,0.11066666666666666,2,0.29009392407208734,3,0.32336957465979804,0.0332756505877107,2
0.3,0.113,2,0.29059200317654305,3,0.3236416593423902,0.03304965616584715,2
0.3,0.11533333333333333,2,0.2911005171087939,3,0.3239192778037203,0.0328187606949264,2
0.3,0.11766666666666666,2,0.29161945590498717,3,0.3242024200769245,0.032582964171937345,2
0.3,0.12,2,0.29214880799698134,3,0.32449107587890574,0.0323422678819244,2
0.305,0.05,1,0.25704816685195736,3,0.32020047292243936,0.063152306070482,1
0.305,0.052333333333333336,1,0.2577589622306303,3,0.3203232710386895,0.06256430880805924,1
0.305,0.05466666666666667,1,0.2585098950532886,3,0.3204516416251365,0.06194174657184792,1
0.305,0.057,1,0.2593022153753679,3,0.3205855809068635,0.061283365531495604,1
0.305,0.059333333333333335,1,0.2601372844643765,3,0.3207250849215895,0.060587800457213015,1
0.305,0.06166666666666667,1,0.2610165853607849,3,0.3208701495167539,0.059853564155968986,1
0.305,0.064,1,0.26194173478296856,3,0.3210207703464774,0.05907903556350885,1
0.305,0.06633333333333333,1,0.26291449655809673,3,0.32117694286839993,0.058262446310303195,1
0.305,0.06866666666666667,1,0.2639367967846712,3,0.32133866234039293,0.05740186555572174,1
0.305,0.07100000000000001,1,0.2650107409574787,3,0.3215059238171525,0.05649518285967381,1
0.305,0.07333333333333333,1,0.2661386333106746,3,0.321678722146671,0.05554008883599637,1
0.305,0.07566666666666666,1,0.2673229986572865,3,0.32185705196657255,0.05453405330928607,1
0.305,0.078,1,0.2685666070196199,3,0.3220409077003513,0.053474300680731446,1
0.305,0.08033333333333334,1,0.2698725013483213,3,0.32223028355346545,0.05235778220514414,1
0.305,0.08266666666666667,1,0.27124402860735497,3,0.3224251735093136,0.05118114490195863,1
0.305,0.08499999999999999,1,0.27268487444065104,3,0.3226255713251013,0.04994069688445024,1
0.305,0.08733333333333333,1,0.2741991015059723,3,0.32283147052757116,0.04863236902159884,1
0.305,0.08966666666666667,1,0.27579119131888563,3,0.3230428644086226,0.04725167308973699,1
0.305,0.092,1,0.2774660890257232,3,0.32325974602080526,0.04579365699508209,1
0.305,0.09433333333333332,1,0.27922924981135755,3,0.3234821081726928,0.044252858361335246,1
0.305,0.09666666666666666,1,0.2810866844784934,3,0.3237099434241496,0.04262325894565622,1
0.305,0.099,1,0.2830449998542425,3,0.3239432440814567,0.04089824422721422,1
0.305,0.10133333333333333,1,0.28511142670236334,3,0.3241820021923412,0.03907057548997789,1
0.305,0.10366666666666666,1,0.28729382318447394,3,0.3244262095408786,0.037132386356404645,1
0.305,0.106,1,0.28960063484268783,3,0.3246758576422822,0.03507522279959435,1
0.305,0.10833333333333334,2,0.2901503176036526,3,0.32493093773757004,0.03478062013391742,2
0.305,0.11066666666666666,2,0.29062184837188915,3,0.32519144078814244,0.03456959241625329,2
0.305,0.113,2,0.29110343721855503,3,0.32545735747021187,0.034353920251656844,2
0.305,0.11533333333333333,2,0.29159507431690973,3,0.3257286781691539,0.034133603852244176,2
0.305,0.11766666666666666,2,0.29209674846103806,3,0.32600539297373277,0.03390864451269471,2
0.305,0.12,2,0.29260844698317934,3,0.3262874916702195,0.03367904468704014,2
0.31,0.05,1,0.2567941827173402,3,0.32215313196336054,0.06535894924602031,1
0.31,0.052333333333333336,1,0.2574759404664777,3,0.3222733255874528,0.0647973851209751,1
0.31,0.05466666666666667,1,0.2581954537969491,3,0.3223989722841117,0.0642035184871626,1
0.31,0.057,1,0.2589537773615705,3,0.322530068205817,0.06357629084424649,1
0.31,0.059333333333333335,1,0.25975205318173344,3,0.322666609316955,0.06291455613522157,1
0.31,0.06166666666666667,1,0.26059151790266494,3,0.3228085913912227,0.06221707348855776,1
0.31,0.064,1,0.2614735108452136,3,0.32295601000891605,0.061482499163702464,1
0.31,0.06633333333333333,1,0.26239948293696624,3,0.32310886055411103,0.06070937761714479,1
0.31,0.06866666666666667,1,0.2633710066106757,3,0.3232671382117346,0.05989613160105889,1
0.31,0.07100000000000001,1,0.26438978676125485,3,0.32343083796452554,0.05904105120327069,1
0.31,0.07333333333333333,1,0.2654576728525828,3,0.3235999545898951,0.058142281737312285,1
0.31,0.07566666666666666,1,0.2665766722599447,3,0.3237744826566643,0.05719781039671962,1
0.31,0.078,1,0.2677489649199518,3,0.3239544165217112,0.05620545160175938,1
0.31,0.08033333333333334,1,0.26897691933267903,3,0.3241397503264879,0.055162830993808865,1
0.31,0.08266666666666667,1,0.27026310991361713,3,0.3243304779934567,0.054067368079839584,1
0.31,0.08499999999999999,1,0.27161033561599185,3,0.32452659322239247,0.05291625760640062,1
0.31,0.08733333333333333,1,0.2730216396224284,3,0.32472808948659676,0.051706449864168336,1
0.31,0.08966666666666667,1,0.2745003297177815,3,0.3249349600289936,0.05043463031121209,1
0.31,0.092,1,0.27604999867177554,3,0.32514719785812735,0.0490971991863518,1
0.31,0.09433333333333332,1,0.2776745435372907,3,0.32536479574406,0.04769025220676931,1
0.31,0.09666666666666666,1,0.2793781821461321,3,0.32558774621413716,0.04620956406800508,1
0.31,0.099,1,0.28116546417314564,3,0.3258160415486833,0.04465057737553768,1
0.31,0.10133333333333333,1,0.2830412728254582,3,0.3260496737765737,0.043008400951115466,1
0.31,0.10366666666666666,1,0.28501081134523976,3,0.3262886346707116,0.04127782332547186,1
0.31,0.106,1,0.2870795659085515,3,0.32653291574339605,0.03945334983484455,1
0.31,0.10833333333333334,1,0.28925323296624394,3,0.32678250824159927,0.03752927527535532,1
0.31,0.11066666666666666,2,0.29118148305802194,3,0.32703740314213653,0.03585592008411459,2
0.31,0.113,2,0.2916475610307971,3,0.3272975911467469,0.035650030115949805,2
0.31,0.11533333333333333,2,0.2921233285007511,3,0.32756306267705826,0.035439734176307136,2
0.31,0.11766666666666666,2,0.2926087733069987,3,0.32783380786948757,0.03522503456248888,2
0.31,0.12,2,0.2931038819519049,3,0.3281098165700101,0.035005934618105194,2
0.315,0.05,1,0.256555381782604,3,0.3241207671199826,0.0675653853373786,1
0.315,0.052333333333333336,1,0.25721023234470497,3,0.32423854411532926,0.0670283117706243,1
0.315,0.05466666666666667,1,0.25790071985735413,3,0.3243616634138573,0.06646094355650317,1
0.315,0.057,1,0.2586277393664538,3,0.3244901211023632,0.06586238173590941,1
0.315,0.059333333333333335,1,0.25939225523758686,3,0.32462391307884986,0.065231657841263,1
0.315,0.06166666666666667,1,0.26019530616215447,3,0.32476303505021176,0.06456772888805729,1
0.315,0.064,1,0.26103801062995957,3,0.32490748252980034,0.06386947189984077,1
0.315,0.06633333333333333,1,0.2619215729005866,3,0.32505725083492587,0.06313567793433927,1
0.315,0.06866666666666667,1,0.26284728950385916,3,0.32521233508423136,0.0623650455803722,1
0.315,0.07100000000000001,1,0.2638165562952238,3,0.32537273019499346,0.06155617389976964,1
0.315,0.07333333333333333,1,0.26483087608400147,3,0.3255384308803114,0.06070755479630996,1
0.315,0.07566666666666666,1,0.26589186683964156,3,0.32570943164620836,0.0598175648065668,1
0.315,0.078,1,0.26700127046130184,3,0.3258857267886329,0.05888445632733108,1
0.315,0.08033333333333334,1,0.268160962066443,3,0.3260673103903702,0.05790634832392716,1
0.315,0.08266666666666667,1,0.26937295971073116,3,0.326254176317846,0.056881216607114815,1
0.315,0.08499999999999999,1,0.2706394343890301,3,0.3264463182178484,0.05580688382881832,1
0.315,0.08733333333333333,1,0.2719627200782131,3,0.326643729514158,0.054681009435944894,1
0.315,0.08966666666666667,1,0.273345323456997,3,0.3268464034040541,0.05350107994705705,1
0.315,0.092,1,0.2747899327624379,3,0.32705433285477614,0.05226440009233824,1
0.315,0.09433333333333332,1,0.276299424999191,3,0.3272675105998501,0.050968085600659074,1
0.315,0.09666666666666666,1,0.27787687038251874,3,0.3274859291353335,0.04960905875281474,1
0.315,0.099,1,0.2795255324391727,3,0.32770958071598766,0.04818404827681494,1
0.315,0.10133333333333333,1,0.28124886157435586,3,0.3279384573513336,0.04668959577697773,1
0.315,0.10366666666666666,1,0.28305047909461417,3,0.32817255080163144,0.045122071707017264,1
0.315,0.106,1,0.2849341476103383,3,0.32841185257376865,0.04347770496343034,1
0.315,0.10833333333333334,1,0.28690372239053225,3,0.3286563539170511,0.04175263152651887,1
0.315,0.11066666666666666,1,0.2889630765997205,3,0.3289060458189333,0.03994296921921281,1
0.315,0.113,1,0.29111599147632367,3,0.3291609190006159,0.03804492752429223,1
0.315,0.11533333333333333,2,0.2926834420552188,3,0.32942096391261,0.03673752185739121,2
0.315,0.11766666666666666,2,0.29315360760682063,3,0.32968617073017925,0.03653256312335862,2
0.315,0.12,2,0.2936331018284383,3,0.3299565293487193,0.03632342752028095,2
0.32,0.05,1,0.2563304028825376,3,0.32610243576740855,0.06977203288487094,1
0.32,0.052333333333333336,1,0.2569602346078375,3,0.32621797367577476,0.06925773906793725,1
0.32,0.05466666666666667,1,0.25762380619591363,3,0.326338751262727,0.06871494506681336,1
0.32,0.057,1,0.25832188114800103,3,0.32646476455475065,0.06814288340674962,1
0.32,0.059333333333333335,1,0.25905527844527554,3,0.32659600938882327,0.06754073094354773,1
0.32,0.06166666666666667,1,0.259824876004684,3,0.3267324814103352,0.06690760540565116,1
0.32,0.064,1,0.2606316144002432,3,0.32687417607094776,0.06624256167070458,1
0.32,0.06633333333333333,1,0.2614765008568949,3,0.32702108862632223,0.06554458776942734,1
0.32,0.06866666666666667,1,0.2623606135195958,3,0.3271732141338026,0.06481260061420685,1
0.32,0.07100000000000001,1,0.2632851059938559,3,0.327330547449999,0.0640454414561431,1
0.32,0.07333333333333333,1,0.2642512121446679,3,0.32749308322827236,0.06324187108360446,1
0.32,0.07566666666666666,1,0.26526025112776946,3,0.327660815916155,0.062400564788385515,1
0.32,0.078,1,0.26631363260912705,3,0.3278337397526731,0.061520107143546054,1
0.32,0.08033333333333334,1,0.2674128621038599,3,0.32801184876558426,0.06059898666172436,1
0.32,0.08266666666666667,1,0.2685595463322359,3,0.3281951367685445,0.059635590436308616,1
0.32,0.08499999999999999,1,0.2697553984451147,3,0.3283835973581667,0.05862819891305199,1
0.32,0.08733333333333333,1,0.27100224291054287,3,0.328577223911026,0.05757498100048314,1
0.32,0.08966666666666667,1,0.2723020197723599,3,0.3287760095805503,0.056473989808190406,1
0.32,0.092,1,0.27365678788463116,3,0.3289799472938497,0.05532315940921856,1
0.32,0.09433333333333332,1,0.27506872658489967,3,0.329189029748463,0.05412030316356331,1
0.32,0.09666666666666666,1,0.276540135085373,3,0.3294032494090085,0.052863114323635496,1
0.32,0.099,1,0.278073428623311,3,0.32962259850377157,0.051549169880460544,1
0.32,0.10133333333333333,1,0.2796711301077433,3,0.3298470690211858,0.05017593891344252,1
0.32,0.10366666666666666,1,0.2813358556167176,3,0.3300766527062769,0.04874079708955931,1
0.32,0.106,1,0.28307029162694536,3,0.3303113410569828,0.04724104943003743,1
0.32,0.10833333333333334,1,0.28487716129196083,3,0.33055112532042313,0.0456739640284623,1
0.32,0.11066666666666666,1,0.28675917643560267,3,0.33079599648908553,0.04403682005348286,1
0.32,0.113,1,0.28871897123171936,3,0.3310459452969303,0.042326974065210965,1
0.32,0.11533333333333333,1,0.2907590128814999,3,0.3313009622154395,0.040541949333939564,1
0.32,0.11766666666666666,1,0.29288148413406606,3,0.3315610374495568,0.03867955331549072,1
0.32,0.12,2,0.294194277634817,3,0.33182616093359496,0.03763188329877798,2
0.325,0.05,1,0.2561180538613421,3,0.3280972029449477,0.07197914908360559,1
0.325,0.052333333333333336,1,0.2567245505256896,3,0.32821066972431595,0.07148611919862635,1
0.325,0.05466666666666667,1,0.25736307811405884,3,0.3283292812556179,0.07096620314155905,1
0.325,0.057,1,0.25803429083976925,3,0.32845303350920757,0.07041874266943832,1
0.325,0.059333333333333335,1,0.2587388876605018,3,0.32858192226517924,0.06984303460467745,1
0.325,0.06166666666666667,1,0.2594776146540173,3,0.3287159431115242,0.06923832845750688,1
0.325,0.064,1,0.26025126753637084,3,0.32885509144219155,0.0686038239058207,1
0.325,0.06633333333333333,1,0.26106069431760076,3,0.3289993624550825,0.06793866813748173,1
0.325,0.06866666666666667,1,0.2619067980851796,3,0.32914875114995984,0.06724195306478026,1
0.325,0.07100000000000001,1,0.26279053989920337,3,0.3293032523262949,0.06651271242709156,1
0.325,0.07333333333333333,1,0.2637129417749313,3,0.32946286058103386,0.06574991880610254,1
0.325,0.07566666666666666,1,0.26467508971725306,3,0.32962757030626877,0.0649524805890157,1
0.325,0.078,1,0.2656781367572282,3,0.329797375686868,0.06411923892963983,1
0.325,0.08033333333333334,1,0.26672330592201726,3,0.32997227069799656,0.0632489647759793,1
0.325,0.08266666666666667,1,0.2678118930451727,3,0.3301522491025915,0.06234035605741878,1
0.325,0.08499999999999999,1,0.26894526929281143,3,0.33033730444874154,0.061392035155930114,1
0.325,0.08733333333333333,1,0.2701248832408539,3,0.3305274300670065,0.06040254682615265,1
0.325,0.08966666666666667,1,0.27135226228697534,3,0.3307226190676477,0.05937035678067237,1
0.325,0.092,1,0.27262901311546617,3,0.33092286433780305,0.05829385122233688,1
0.325,0.09433333333333332,1,0.273956820850604,3,0.3311281585385744,0.05717133768797039,1
0.325,0.09666666666666666,1,0.2753374464307373,3,0.33133849410206045,0.056001047671323134,1
0.325,0.099,1,0.27677272160710503,3,0.331553863228293,0.05478114162118797,1
0.325,0.10133333333333333,1,0.27826454081447877,3,0.33177425788212755,0.05350971706764879,1
0.325,0.10366666666666666,1,0.2798148489717901,3,0.3319996697900489,0.052184820818258815,1
0.325,0.106,1,0.2814256240483859,3,0.33223009043690854,0.05080446638852265,1
0.325,0.10833333333333334,1,0.28309885297766346,3,0.33246551106260425,0.049366658084940784,1
0.325,0.11066666666666666,1,0.2848364992231527,3,0.33270592265867294,0.04786942343552025,1
0.325,0.113,1,0.2866404600222129,3,0.3329513159648431,0.046310855942630236,1
0.325,0.11533333333333333,1,0.28851251108591075,3,0.3332016814654939,0.04468917037958314,1
0.325,0.11766666666666666,1,0.29045423638176143,3,0.3334570093860659,0.04300277300430444,1
0.325,0.12,1,0.29246694066446494,3,0.3337172896894082,0.04125034902494329,1
0.32999999999999996,0.05,1,0.2559172845530091,3,0.33010414165812124,0.07418685710511214,1
0.32999999999999996,0.052333333333333336,1,0.25650195562957273,3,0.33021569634506964,0.07371374071549691,1
0.32999999999999996,0.05466666666666667,1,0.25711710979523644,3,0.33033230814101316,0.07321519834577672,1
0.32999999999999996,0.057,1,0.2577633098130234,3,0.3304539729634738,0.07269066315045036,1
0.32999999999999996,0.059333333333333335,1,0.2584411547754185,3,0.33058068653893014,0.07213953176351162,1
0.32999999999999996,0.06166666666666667,1,0.25915128172111335,3,0.3307124444011473,0.07156116268003393,1
0.32999999999999996,0.064,1,0.25989436731906207,3,0.3308492418894591,0.07095487457039701,1
0.32999999999999996,0.06633333333333333,1,0.2606711296096086,3,0.3309910741469598,0.07031994453735119,1
0.32999999999999996,0.06866666666666667,1,0.26148232978821684,3,0.33113793611864717,0.06965560633043033,1
0.32999999999999996,0.07100000000000001,1,0.26232877401194044,3,0.33128982254948336,0.06896104853754292,1
0.32999999999999996,0.07333333333333333,1,0.2632113152018756,3,0.3314467279823989,0.06823541278052331,1
0.32999999999999996,0.07566666666666666,1,0.2641308548061665,3,0.3316086467562247,0.06747779195005821,1
0.32999999999999996,0.078,1,0.2650883444771476,3,0.33177557300355803,0.06668722852641046,1
0.32999999999999996,0.08033333333333334,1,0.26608478760242993,3,0.33194750064855594,0.06586271304612601,1
0.32999999999999996,0.08266666666666667,1,0.2671212406125175,3,0.33212442340466547,0.06500318279214795,1
0.32999999999999996,0.08499999999999999,1,0.2681988139660352,3,0.3323063347723096,0.06410752080627441,1
0.32999999999999996,0.08733333333333333,1,0.2693186726869997,3,0.332493228036457,0.06317455534945726,1
0.32999999999999996,0.08966666666666667,1,0.2704820362956537,3,0.33268509626418047,0.062203059968526764,1
0.32999999999999996,0.092,1,0.2716901779339589,3,0.3328819323021225,0.0611917543681636,1
0.32999999999999996,0.09433333333333332,1,0.27294442243758904,3,0.33308372877389253,0.06013930633630349,1
0.32999999999999996,0.09666666666666666,1,0.274246143046714,3,0.33329047807742107,0.05904433503070705,1
0.32999999999999996,0.099,1,0.27559675637666153,3,0.33350217238222984,0.05790541600556831,1
0.32999999999999996,0.10133333333333333,1,0.27699771518555627,3,0.3337188036266588,0.05672108844110252,1
0.32999999999999996,0.10366666666666666,1,0.2784504983787708,3,0.3339403635150112,0.055489865136240435,1
0.32999999999999996,0.106,1,0.2799565975800702,3,0.3341668435146524,0.054210245934582235,1
0.32999999999999996,0.10833333333333334,1,0.28151749947928767,3,0.3343982348530459,0.0528807353737582,1
0.32999999999999996,0.11066666666666666,1,0.2831346630418233,3,0.3346345285147246,0.05149986547290131,1
0.32999999999999996,0.113,1,0.2848094905466605,3,0.3348757152382035,0.05006622469154298,1
0.32999999999999996,0.11533333333333333,1,0.2865432913239545,3,0.3351217855128421,0.0485784941888876,1
0.32999999999999996,0.11766666666666666,1,0.2883372370170763,3,0.3353727295756472,0.04703549255857087,1
0.32999999999999996,0.12,1,0.29019230723568346,3,0.3356285374080094,0.04543623017232595,1
0.33499999999999996,0.05,1,0.2557271650064333,3,0.33212233327481244,0.07639516826837917,1
0.33499999999999996,0.052333333333333336,1,0.2562913703402041,3,0.33223212657981527,0.07594075623961116,1
0.33499999999999996,0.05466666666666667,1,0.2568846499088946,3,0.33234689624948116,0.07546224634058657,1
0.33499999999999996,0.057,1,0.25750748945656377,3,0.3324666381511828,0.07495914869461906,1
0.33499999999999996,0.059333333333333335,1,0.25816040439832016,3,0.3325913479603988,0.07443094356207863,1
0.33499999999999996,0.06166666666666667,1,0.2588439409003067,3,0.332721021159223,0.07387708025891626,1
0.33499999999999996,0.064,1,0.25955867698141744,3,0.33285565303481884,0.07329697605340141,1
0.33499999999999996,0.06633333333333333,1,0.26030522362482383,3,0.33299523867779945,0.07269001505297562,1
0.33499999999999996,0.06866666666666667,1,0.26108422588387714,3,0.33313977298057157,0.07205554709669443,1
0.33499999999999996,0.07100000000000001,1,0.26189636396255517,3,0.3332892506355946,0.07139288667303945,1
0.33499999999999996,0.07333333333333333,1,0.2627423542452486,3,0.3334436661335948,0.07070131188834616,1
0.33499999999999996,0.07566666666666666,1,0.2636229502440393,3,0.33360301376171153,0.06998006351767222,1
0.33499999999999996,0.078,1,0.26453894342350437,3,0.3337672876015849,0.06922834417808055,1
0.33499999999999996,0.08033333333333334,1,0.26549116385317334,3,0.3339364815273907,0.06844531767421735,1
0.33499999999999996,0.08266666666666667,1,0.26648048062568575,3,0.3341105892038146,0.06763010857812884,1
0.33499999999999996,0.08499999999999999,1,0.2675078019640951,3,0.334289604083955,0.0667818021198599,1
0.33499999999999996,0.08733333333333333,1,0.26857407492410523,3,0.33447351940717995,0.06589944448307472,1
0.33499999999999996,0.08966666666666667,1,0.26968028457586507,3,0.3346623281969362,0.06498204362107113,1
0.33499999999999996,0.092,1,0.2708274525247013,3,0.3348560232584703,0.064028570733769,1
0.33499999999999996,0.09433333333333332,1,0.2720166346002749,3,0.33505459717652636,0.06303796257625144,1
0.33499999999999996,0.09666666666666666,1,0.27324891750862124,3,0.3352580423129602,0.062009124804338955,1
0.33499999999999996,0.099,1,0.274525414200934,3,0.335466350804322,0.06094093660338801,1
0.33499999999999996,0.10133333333333333,1,0.27584725766664625,3,0.3356795145593631,0.05983225689271687,1
0.33499999999999996,0.10366666666666666,1,0.2772155928065529,3,0.3358975252564959,0.05868193244994302,1
0.33499999999999996,0.106,1,0.2786315659853684,3,0.33612037434120834,0.057488808355839915,1
0.33499999999999996,0.10833333333333334,1,0.2800963118040998,3,0.33634805302341597,0.0562517412193162,1
0.33499999999999996,0.11066666666666666,1,0.28161093657445313,3,0.33658055227475314,0.05496961570030001,1
0.33499999999999996,0.113,1,0.2831764979257311,3,0.3368178628258396,0.05364136490010851,1
0.33499999999999996,0.11533333333333333,1,0.28479397993779826,3,0.3370599751634606,0.05226599522566233,1
0.33499999999999996,0.11766666666666666,1,0.2864642631839774,3,0.3373068795277366,0.050842616343759195,1
0.33499999999999996,0.12,1,0.2881880891020132,3,0.3375585659092035,0.04937047680719031,1
0.33999999999999997,0.05,1,0.2555468677703141,3,0.3341508680019933,0.07860400023167918,1
0.33999999999999997,0.052333333333333336,1,0.25609183787752804,3,0.33425904284503505,0.07816720496750701,1
0.33999999999999997,0.05466666666666667,1,0.256664594083896,3,0.33437211984796,0.07770752576406398,1
0.33999999999999997,0.057,1,0.257265556890222,3,0.3344900948302398,0.07722453794001777,1
0.33999999999999997,0.059333333333333335,1,0.25789517115440236,3,0.33461296341855307,0.07671779226415071,1
0.33999999999999997,0.06166666666666667,1,0.2585539067901804,3,0.3347407210454447,0.0761868142552643,1
0.33999999999999997,0.064,1,0.25924225946051277,3,0.33487336294792897,0.0756311034874162,1
0.33999999999999997,0.06633333333333333,1,0.259960751253734,3,0.3350108841660703,0.07505013291233625,1
0.33999999999999997,0.06866666666666667,1,0.2607099313278651,3,0.33515327954144913,0.07444334821358406,1
0.33999999999999997,0.07100000000000001,1,0.2614903765049662,3,0.3353005437156381,0.0738101672106719,1
0.33999999999999997,0.07333333333333333,1,0.26230269179330573,3,0.3354526711285896,0.07314997933528389,1
0.33999999999999997,0.07566666666666666,1,0.26314751081014987,3,0.33560965601697007,0.0724621452068202,1
0.33999999999999997,0.078,1,0.2640254960720465,3,0.3357714924124552,0.07174599634040868,1
0.33999999999999997,0.08033333333333334,1,0.2649373391123772,3,0.3359381741399651,0.07100083502758786,1
0.33999999999999997,0.08266666666666667,1,0.2658837603775631,3,0.33610969481584313,0.07022593443828001,1
0.33999999999999997,0.08499999999999999,1,0.26686550884331534,3,0.3362860478459886,0.06942053900267325,1
0.33999999999999997,0.08733333333333333,1,0.26788336128062484,3,0.3364672264239419,0.06858386514331705,1
0.33999999999999997,0.08966666666666667,1,0.26893812108742404,3,0.33665322352890414,0.0677151024414801,1
0.33999999999999997,0.092,1,0.2700306165859116,3,0.33684403192371876,0.06681341533780716,1
0.33999999999999997,0.09433333333333332,1,0.2711616986671076,3,0.33703964415280013,0.06587794548569254,1
0.33999999999999997,0.09666666666666666,1,0.2723322376431997,3,0.33724005254000944,0.06490781489680975,1
0.33999999999999997,0.099,1,0.27354311914461643,3,0.3374452491864822,0.06390213004186579,1
0.33999999999999997,0.10133333333333333,1,0.27479523887257234,3,0.33765522596840486,0.06285998709583251,1
0.33999999999999997,0.10366666666666666,1,0.2760894959895346,3,0.33786997453475015,0.06178047854521557,1
0.33999999999999997,0.106,1,0.277426784900346,3,0.33808948630496477,0.06066270140461877,1
0.33999999999999997,0.10833333333333334,1,0.2788079851469952,3,0.33831375246659734,0.059505767319602165,1
0.33999999999999997,0.11066666666666666,1,0.2802339491122569,3,0.33854276397289135,0.05830881486063444,1
0.33999999999999997,0.113,1,0.28170548720479605,3,0.3387765115403337,0.05707102433553768,1
0.33999999999999997,0.11533333333333333,1,0.28322335018517736,3,0.33901498564615434,0.055791635460976985,1
0.33999999999999997,0.11766666666666666,1,0.28478820829465,3,0.33925817652578194,0.05446996823113193,1
0.33999999999999997,0.12,1,0.28640062687444884,3,0.33950607417025924,0.053105447295810404,1
0.345,0.05,1,0.25537565335546497,3,0.3361888454306182,0.08081319207515325,1
0.345,0.052333333333333336,1,0.2559025062659748,3,0.3362955374236786,0.0803930311577038,1
0.345,0.05466666666666667,1,0.2564559626566761,3,0.33640706357564576,0.07995110091896968,1
0.345,0.057,1,0.2570363874688611,3,0.3365234196600865,0.07948703219122538,1
0.345,0.059333333333333335,1,0.2576441657266452,3,0.33664460125681983,0.0790004355301746,1
0.345,0.06166666666666667,1,0.25827970296440395,3,0.3367706037507134,0.07849090078630944,1
0.345,0.064,1,0.2589434256332849,3,0.3369014223304374,0.07795799669715253,1
0.345,0.06633333333333333,1,0.2596357814758855,3,0.3370370519871653,0.07740127051127982,1
0.345,0.06866666666666667,1,0.26035723985597503,3,0.3371774875132341,0.07682024765725909,1
0.345,0.07100000000000001,1,0.2611082920274524,3,0.33732272350073494,0.07621443147328255,1
0.345,0.07333333333333333,1,0.26188945132362573,3,0.33747275434009705,0.07558330301647131,1
0.345,0.07566666666666666,1,0.2627012532442056,3,0.337627574218576,0.07492632097437035,1
0.345,0.078,1,0.26354425541308857,3,0.33778717711872724,0.07424292170563868,1
0.345,0.08033333333333334,1,0.2644190373749638,3,0.33795155681682504,0.07353251944186123,1
0.345,0.08266666666666667,1,0.2653262001928927,3,0.3381207068812302,0.07279450668833748,1
0.345,0.08499999999999999,1,0.2662663658022132,3,0.33829462067071203,0.07202825486849884,1
0.345,0.08733333333333333,1,0.26724017606826567,3,0.33847329133272563,0.07123311526445997,1
0.345,0.08966666666666667,1,0.26824829148645823,3,0.3386567118016564,0.07040842031519817,1
0.345,0.092,1,0.26929138945296793,3,0.33884487479699427,0.06955348534402633,1
0.345,0.09433333333333332,1,0.2703701620228902,3,0.33903777282148206,0.06866761079859185,1
0.345,0.09666666666666666,1,0.27148531305985446,3,0.33923539815921744,0.06775008509936298,1
0.345,0.099,1,0.27263755466711426,3,0.3394377428737015,0.06680018820658723,1
0.345,0.10133333333333333,1,0.27382760277504004,3,0.33964479880586373,0.0658171960308237,1
0.345,0.10366666666666666,1,0.2750561717441909,3,0.3398565575720158,0.06480038582782494,1
0.345,0.106,1,0.27632396782717883,3,0.3400730105617924,0.06374904273461357,1
0.345,0.10833333333333334,1,0.27763168131733024,3,0.3402941489360374,0.06266246761870714,1
0.345,0.11066666666666666,1,0.2789799771988797,3,0.3405199636246389,0.0615399864257592,1
0.345,0.113,1,0.28036948410388474,3,0.34075044532435195,0.06038096122046721,1
0.345,0.11533333333333333,1,0.28180078137760683,3,0.34098558449655425,0.059184803118947416,1
0.345,0.11766666666666666,1,0.2832743840598967,3,0.34122537136498154,0.057950987305084856,1
0.345,0.12,1,0.28479072560906676,3,0.34146979591341564,0.05667907030434888,1
0.35,0.05,1,0.2552128582092187,3,0.3382353751372782,0.08302251692805951,1
0.35,0.052333333333333336,1,0.25572261354996084,3,0.3383407130194491,0.08261809946948828,1
0.35,0.05466666666666667,1,0.256257882517365,3,0.3384508229485237,0.08219294043115871,1
0.35,0.057,1,0.25681898251333546,3,0.33856570065402186,0.0817467181406864,1
0.35,0.059333333333333335,1,0.25740624755991703,3,0.33868534167073205,0.08127909411081502,1
0.35,0.06166666666666667,1,0.2580200285337608,3,0.33880974133761027,0.08078971280384944,1
0.35,0.064,1,0.2586606933713642,3,0.3389388947966693,0.08027820142530506,1
0.35,0.06633333333333333,1,0.25932862723541117,3,0.33907279699180576,0.07974416975639459,1
0.35,0.06866666666666667,1,0.2600242326308275,3,0.3392114426675902,0.07918721003676266,1
0.35,0.07100000000000001,1,0.26074792945709213,3,0.3393548263680152,0.0786068969109231,1
0.35,0.07333333333333333,1,0.261500154981028,3,0.33950294243519896,0.07800278745417094,1
0.35,0.07566666666666666,1,0.26228136371155764,3,0.3396557850080363,0.07737442129647865,1
0.35,0.078,1,0.2630920271547826,3,0.3398133480208353,0.07672132086605271,1
0.35,0.08033333333333334,1,0.26393263342414325,3,0.339975625201882,0.07604299177773877,1
0.35,0.08266666666666667,1,0.2648036866763105,3,0.34014261007197666,0.07533892339566617,1
0.35,0.08499999999999999,1,0.2657057063387891,3,0.3403142959429374,0.07460858960414829,1
0.35,0.08733333333333333,1,0.2666392260899154,3,0.3404906759160432,0.07385144982612779,1
0.35,0.08966666666666667,1,0.26760479254602615,3,0.3406717428804518,0.07306695033442567,1
0.35,0.092,1,0.2686029636039566,3,0.34085748951157935,0.07225452590762277,1
0.35,0.09433333333333332,1,0.2696343063797885,3,0.3410479082694214,0.07141360188963286,1
0.35,0.09666666666666666,1,0.27069939467686566,3,0.34124299139685743,0.07054359671999177,1
0.35,0.099,1,0.27179880590769,3,0.34144273091791116,0.06964392501022115,1
0.35,0.10133333333333333,1,0.27293311738550774,3,0.3416471186359561,0.06871400125044835,1
0.35,0.10366666666666666,1,0.27410290189250813,3,0.3418561461319057,0.06775324423939755,1
0.35,0.106,1,0.2753087224229178,3,0.34206980476235554,0.06676108233943773,1
0.35,0.10833333333333334,1,0.276551125991495,3,0.3422880856576971,0.06573695966620208,1
0.35,0.11066666666666666,1,0.27783063639174255,3,0.34251097972017386,0.06468034332843131,1
0.35,0.113,1,0.27914774578459656,3,0.34273847762193477,0.06359073183733821,1
0.35,0.11533333333333333,1,0.2805029049987555,3,0.3429705698030318,0.06246766480427629,1
0.35,0.11766666666666666,1,0.2818965124298768,3,0.3432072464693845,0.06131073403950771,1
0.35,0.12,1,0.28332890143961514,3,0.3434484975907284,0.06011959615111323,1
